Timestamp,Location,Track_ID,Detected Condition,Confidence Score,Risk Level
2026-08-22 14:22:25,Camera_Entrance_01,Person_1,Face & Credentials Masked,0.84,LOW
2026-08-22 14:22:25,Camera_Entrance_01,Person_2,Face & Credentials Masked,0.78,LOW
2026-08-22 14:22:26,Camera_Entrance_01,Person_1,Face & Credentials Masked,0.84,LOW
2026-08-22 14:22:26,Camera_Entrance_01,Person_2,Face & Credentials Masked,0.78,LOW
2026-08-22 14:22:26,Camera_Entrance_01,Person_1,Face & Credentials Masked,0.85,LOW
2026-08-22 14:22:26,Camera_Entrance_01,Person_2,Face & Credentials Masked,0.79,LOW
2026-08-22 14:22:26,Camera_Entrance_01,Person_1,Face & Credentials Masked,0.83,LOW
2026-08-22 14:22:26,Camera_Entrance_01,Person_2,Face & Credentials Masked,0.76,LOW
2026-08-22 14:22:26,Camera_Entrance_01,Person_1,Face & Credentials Masked,0.84,LOW
2026-08-22 14:22:26,Camera_Entrance_01,Person_2,Face & Credentials Masked,0.71,LOW
2026-08-22 14:22:26,Camera_Entrance_01,Person_1,Face & Credentials Masked,0.83,LOW
2026-08-22 14:22:26,Camera_Entrance_01,Person_2,Face & Credentials Masked,0.64,LOW
2026-08-22 14:22:26,Camera_Entrance_01,Person_3,Face & Credentials Masked,0.6,LOW
2026-08-22 14:22:26,Camera_Entrance_01,Person_1,Face & Credentials Masked,0.82,LOW
2026-08-22 14:22:26,Camera_Entrance_01,Person_2,Low Confidence Mask,0.58,MEDIUM
2026-08-22 14:22:26,Camera_Entrance_01,Person_3,Low Confidence Mask,0.51,MEDIUM
2026-08-22 14:22:27,Camera_Entrance_01,Person_1,Face & Credentials Masked,0.82,LOW
2026-08-22 14:22:27,Camera_Entrance_01,Person_2,Low Confidence Mask,0.58,MEDIUM
2026-08-22 14:22:27,Camera_Entrance_01,Person_3,Face & Credentials Masked,0.68,LOW
2026-08-22 14:22:27,Camera_Entrance_01,Person_5,Face & Credentials Masked,0.72,LOW
2026-08-22 14:22:27,Camera_Entrance_01,Person_6,Face & Credentials Masked,0.75,LOW
2026-08-22 14:22:27,Camera_Entrance_01,Person_1,Face & Credentials Masked,0.79,LOW
2026-08-22 14:22:27,Camera_Entrance_01,Person_2,Low Confidence Mask,0.58,MEDIUM
2026-08-22 14:22:27,Camera_Entrance_01,Person_3,Face & Credentials Masked,0.62,LOW
2026-08-22 14:22:27,Camera_Entrance_01,Person_5,Face & Credentials Masked,0.67,LOW
2026-08-22 14:22:27,Camera_Entrance_01,Person_6,Face & Credentials Masked,0.78,LOW
2026-08-22 14:22:27,Camera_Entrance_01,Person_1,Face & Credentials Masked,0.81,LOW
2026-08-22 14:22:27,Camera_Entrance_01,Person_2,Low Confidence Mask,0.57,MEDIUM
2026-08-22 14:22:27,Camera_Entrance_01,Person_3,Face & Credentials Masked,0.65,LOW
2026-08-22 14:22:27,Camera_Entrance_01,Person_5,Low Confidence Mask,0.55,MEDIUM
2026-08-22 14:22:27,Camera_Entrance_01,Person_6,Face & Credentials Masked,0.78,LOW
2026-08-22 14:22:27,Camera_Entrance_01,Person_1,Face & Credentials Masked,0.82,LOW
2026-08-22 14:22:27,Camera_Entrance_01,Person_2,Low Confidence Mask,0.51,MEDIUM
2026-08-22 14:22:27,Camera_Entrance_01,Person_3,Face & Credentials Masked,0.69,LOW
2026-08-22 14:22:27,Camera_Entrance_01,Person_5,Low Confidence Mask,0.53,MEDIUM
2026-08-22 14:22:27,Camera_Entrance_01,Person_6,Face & Credentials Masked,0.79,LOW
2026-08-22 14:22:27,Camera_Entrance_01,Person_1,Face & Credentials Masked,0.82,LOW
2026-08-22 14:22:27,Camera_Entrance_01,Person_2,Low Confidence Mask,0.44,MEDIUM
2026-08-22 14:22:27,Camera_Entrance_01,Person_3,Low Confidence Mask,0.55,MEDIUM
2026-08-22 14:22:27,Camera_Entrance_01,Person_5,Face & Credentials Masked,0.6,LOW
2026-08-22 14:22:27,Camera_Entrance_01,Person_6,Face & Credentials Masked,0.77,LOW
2026-08-22 14:22:27,Camera_Entrance_01,Person_1,Face & Credentials Masked,0.82,LOW
2026-08-22 14:22:27,Camera_Entrance_01,Person_3,Face & Credentials Masked,0.74,LOW
2026-08-22 14:22:27,Camera_Entrance_01,Person_5,Face & Credentials Masked,0.6,LOW
2026-08-22 14:22:27,Camera_Entrance_01,Person_6,Face & Credentials Masked,0.75,LOW
2026-08-22 14:22:28,Camera_Entrance_01,Person_1,Face & Credentials Masked,0.84,LOW
2026-08-22 14:22:28,Camera_Entrance_01,Person_3,Face & Credentials Masked,0.76,LOW
2026-08-22 14:22:28,Camera_Entrance_01,Person_5,Face & Credentials Masked,0.6,LOW
2026-08-22 14:22:28,Camera_Entrance_01,Person_6,Face & Credentials Masked,0.76,LOW
2026-08-22 14:22:28,Camera_Entrance_01,Person_1,Face & Credentials Masked,0.85,LOW
2026-08-22 14:22:28,Camera_Entrance_01,Person_3,Face & Credentials Masked,0.63,LOW
2026-08-22 14:22:28,Camera_Entrance_01,Person_5,Low Confidence Mask,0.55,MEDIUM
2026-08-22 14:22:28,Camera_Entrance_01,Person_6,Low Confidence Mask,0.57,MEDIUM
2026-08-22 14:22:28,Camera_Entrance_01,Person_1,Face & Credentials Masked,0.85,LOW
2026-08-22 14:22:28,Camera_Entrance_01,Person_3,Face & Credentials Masked,0.66,LOW
2026-08-22 14:22:28,Camera_Entrance_01,Person_5,Face & Credentials Masked,0.65,LOW
2026-08-22 14:22:28,Camera_Entrance_01,Person_6,Low Confidence Mask,0.55,MEDIUM
2026-08-22 14:22:28,Camera_Entrance_01,Person_1,Face & Credentials Masked,0.81,LOW
2026-08-22 14:22:28,Camera_Entrance_01,Person_3,Face & Credentials Masked,0.69,LOW
2026-08-22 14:22:28,Camera_Entrance_01,Person_5,Face & Credentials Masked,0.67,LOW
2026-08-22 14:22:28,Camera_Entrance_01,Person_6,Face & Credentials Masked,0.7,LOW
2026-08-22 14:22:28,Camera_Entrance_01,Person_1,Face & Credentials Masked,0.81,LOW
2026-08-22 14:22:28,Camera_Entrance_01,Person_3,Face & Credentials Masked,0.6,LOW
2026-08-22 14:22:28,Camera_Entrance_01,Person_5,Face & Credentials Masked,0.81,LOW
2026-08-22 14:22:28,Camera_Entrance_01,Person_6,Face & Credentials Masked,0.73,LOW
2026-08-22 14:22:28,Camera_Entrance_01,Person_7,Face & Credentials Masked,0.85,LOW
2026-08-22 14:22:28,Camera_Entrance_01,Person_1,Face & Credentials Masked,0.84,LOW
2026-08-22 14:22:28,Camera_Entrance_01,Person_3,Face & Credentials Masked,0.6,LOW
2026-08-22 14:22:28,Camera_Entrance_01,Person_5,Face & Credentials Masked,0.8,LOW
2026-08-22 14:22:28,Camera_Entrance_01,Person_6,Face & Credentials Masked,0.77,LOW
2026-08-22 14:22:28,Camera_Entrance_01,Person_7,Face & Credentials Masked,0.84,LOW
2026-08-22 14:22:28,Camera_Entrance_01,Person_1,Face & Credentials Masked,0.84,LOW
2026-08-22 14:22:28,Camera_Entrance_01,Person_3,Face & Credentials Masked,0.64,LOW
2026-08-22 14:22:28,Camera_Entrance_01,Person_5,Face & Credentials Masked,0.76,LOW
2026-08-22 14:22:28,Camera_Entrance_01,Person_6,Face & Credentials Masked,0.73,LOW
2026-08-22 14:22:28,Camera_Entrance_01,Person_7,Face & Credentials Masked,0.81,LOW
2026-08-22 14:22:29,Camera_Entrance_01,Person_1,Face & Credentials Masked,0.81,LOW
2026-08-22 14:22:29,Camera_Entrance_01,Person_3,Face & Credentials Masked,0.74,LOW
2026-08-22 14:22:29,Camera_Entrance_01,Person_5,Face & Credentials Masked,0.6,LOW
2026-08-22 14:22:29,Camera_Entrance_01,Person_6,Face & Credentials Masked,0.69,LOW
2026-08-22 14:22:29,Camera_Entrance_01,Person_7,Face & Credentials Masked,0.81,LOW
2026-08-22 14:22:29,Camera_Entrance_01,Person_1,Face & Credentials Masked,0.79,LOW
2026-08-22 14:22:29,Camera_Entrance_01,Person_3,Face & Credentials Masked,0.73,LOW
2026-08-22 14:22:29,Camera_Entrance_01,Person_5,Face & Credentials Masked,0.67,LOW
2026-08-22 14:22:29,Camera_Entrance_01,Person_6,Face & Credentials Masked,0.65,LOW
2026-08-22 14:22:29,Camera_Entrance_01,Person_7,Face & Credentials Masked,0.83,LOW
2026-08-22 14:22:29,Camera_Entrance_01,Person_1,Face & Credentials Masked,0.76,LOW
2026-08-22 14:22:29,Camera_Entrance_01,Person_3,Face & Credentials Masked,0.69,LOW
2026-08-22 14:22:29,Camera_Entrance_01,Person_5,Low Confidence Mask,0.57,MEDIUM
2026-08-22 14:22:29,Camera_Entrance_01,Person_6,Face & Credentials Masked,0.73,LOW
2026-08-22 14:22:29,Camera_Entrance_01,Person_7,Face & Credentials Masked,0.8,LOW
2026-08-22 14:22:29,Camera_Entrance_01,Person_1,Face & Credentials Masked,0.79,LOW
2026-08-22 14:22:29,Camera_Entrance_01,Person_3,Face & Credentials Masked,0.65,LOW
2026-08-22 14:22:29,Camera_Entrance_01,Person_5,Low Confidence Mask,0.59,MEDIUM
2026-08-22 14:22:29,Camera_Entrance_01,Person_6,Face & Credentials Masked,0.78,LOW
2026-08-22 14:22:29,Camera_Entrance_01,Person_7,Face & Credentials Masked,0.71,LOW
2026-08-22 14:22:29,Camera_Entrance_01,Person_8,Face & Credentials Masked,0.77,LOW
2026-08-22 14:22:29,Camera_Entrance_01,Person_1,Face & Credentials Masked,0.76,LOW
2026-08-22 14:22:29,Camera_Entrance_01,Person_3,Face & Credentials Masked,0.6,LOW
2026-08-22 14:22:29,Camera_Entrance_01,Person_5,Low Confidence Mask,0.4,MEDIUM
2026-08-22 14:22:29,Camera_Entrance_01,Person_6,Face & Credentials Masked,0.73,LOW
2026-08-22 14:22:29,Camera_Entrance_01,Person_7,Face & Credentials Masked,0.73,LOW
2026-08-22 14:22:29,Camera_Entrance_01,Person_8,Face & Credentials Masked,0.84,LOW
2026-08-22 14:22:29,Camera_Entrance_01,Person_1,Face & Credentials Masked,0.79,LOW
2026-08-22 14:22:29,Camera_Entrance_01,Person_3,Face & Credentials Masked,0.6,LOW
2026-08-22 14:22:29,Camera_Entrance_01,Person_5,Low Confidence Mask,0.53,MEDIUM
2026-08-22 14:22:29,Camera_Entrance_01,Person_6,Face & Credentials Masked,0.69,LOW
2026-08-22 14:22:29,Camera_Entrance_01,Person_7,Face & Credentials Masked,0.74,LOW
2026-08-22 14:22:29,Camera_Entrance_01,Person_8,Face & Credentials Masked,0.83,LOW
2026-08-22 14:22:29,Camera_Entrance_01,Person_1,Face & Credentials Masked,0.75,LOW
2026-08-22 14:22:29,Camera_Entrance_01,Person_3,Low Confidence Mask,0.39,MEDIUM
2026-08-22 14:22:29,Camera_Entrance_01,Person_5,Low Confidence Mask,0.53,MEDIUM
2026-08-22 14:22:29,Camera_Entrance_01,Person_6,Face & Credentials Masked,0.73,LOW
2026-08-22 14:22:29,Camera_Entrance_01,Person_7,Face & Credentials Masked,0.77,LOW
2026-08-22 14:22:29,Camera_Entrance_01,Person_8,Face & Credentials Masked,0.82,LOW
2026-08-22 14:22:30,Camera_Entrance_01,Person_1,Face & Credentials Masked,0.72,LOW
2026-08-22 14:22:30,Camera_Entrance_01,Person_3,Low Confidence Mask,0.35,MEDIUM
2026-08-22 14:22:30,Camera_Entrance_01,Person_5,Low Confidence Mask,0.48,MEDIUM
2026-08-22 14:22:30,Camera_Entrance_01,Person_6,Face & Credentials Masked,0.68,LOW
2026-08-22 14:22:30,Camera_Entrance_01,Person_7,Face & Credentials Masked,0.76,LOW
2026-08-22 14:22:30,Camera_Entrance_01,Person_8,Face & Credentials Masked,0.82,LOW
2026-08-22 14:22:30,Camera_Entrance_01,Person_1,Face & Credentials Masked,0.7,LOW
2026-08-22 14:22:30,Camera_Entrance_01,Person_3,Low Confidence Mask,0.33,MEDIUM
2026-08-22 14:22:30,Camera_Entrance_01,Person_5,Low Confidence Mask,0.54,MEDIUM
2026-08-22 14:22:30,Camera_Entrance_01,Person_6,Face & Credentials Masked,0.6,LOW
2026-08-22 14:22:30,Camera_Entrance_01,Person_7,Face & Credentials Masked,0.79,LOW
2026-08-22 14:22:30,Camera_Entrance_01,Person_8,Face & Credentials Masked,0.83,LOW
2026-08-22 14:22:30,Camera_Entrance_01,Person_1,Face & Credentials Masked,0.76,LOW
2026-08-22 14:22:30,Camera_Entrance_01,Person_5,Low Confidence Mask,0.36,MEDIUM
2026-08-22 14:22:30,Camera_Entrance_01,Person_6,Low Confidence Mask,0.57,MEDIUM
2026-08-22 14:22:30,Camera_Entrance_01,Person_7,Face & Credentials Masked,0.81,LOW
2026-08-22 14:22:30,Camera_Entrance_01,Person_8,Face & Credentials Masked,0.85,LOW
2026-08-22 14:22:30,Camera_Entrance_01,Person_1,Face & Credentials Masked,0.77,LOW
2026-08-22 14:22:30,Camera_Entrance_01,Person_6,Low Confidence Mask,0.55,MEDIUM
2026-08-22 14:22:30,Camera_Entrance_01,Person_7,Face & Credentials Masked,0.8,LOW
2026-08-22 14:22:30,Camera_Entrance_01,Person_8,Face & Credentials Masked,0.82,LOW
2026-08-22 14:22:30,Camera_Entrance_01,Person_1,Face & Credentials Masked,0.78,LOW
2026-08-22 14:22:30,Camera_Entrance_01,Person_6,Face & Credentials Masked,0.6,LOW
2026-08-22 14:22:30,Camera_Entrance_01,Person_7,Face & Credentials Masked,0.78,LOW
2026-08-22 14:22:30,Camera_Entrance_01,Person_8,Face & Credentials Masked,0.78,LOW
2026-08-22 14:22:30,Camera_Entrance_01,Person_1,Face & Credentials Masked,0.78,LOW
2026-08-22 14:22:30,Camera_Entrance_01,Person_6,Face & Credentials Masked,0.63,LOW
2026-08-22 14:22:30,Camera_Entrance_01,Person_7,Face & Credentials Masked,0.8,LOW
2026-08-22 14:22:30,Camera_Entrance_01,Person_8,Face & Credentials Masked,0.62,LOW
2026-08-22 14:22:30,Camera_Entrance_01,Person_1,Face & Credentials Masked,0.73,LOW
2026-08-22 14:22:30,Camera_Entrance_01,Person_6,Low Confidence Mask,0.55,MEDIUM
2026-08-22 14:22:30,Camera_Entrance_01,Person_7,Face & Credentials Masked,0.8,LOW
2026-08-22 14:22:30,Camera_Entrance_01,Person_8,Low Confidence Mask,0.59,MEDIUM
2026-08-22 14:22:31,Camera_Entrance_01,Person_5,Low Confidence Mask,0.43,MEDIUM
2026-08-22 14:22:31,Camera_Entrance_01,Person_1,Face & Credentials Masked,0.68,LOW
2026-08-22 14:22:31,Camera_Entrance_01,Person_6,Low Confidence Mask,0.56,MEDIUM
2026-08-22 14:22:31,Camera_Entrance_01,Person_7,Face & Credentials Masked,0.8,LOW
2026-08-22 14:22:31,Camera_Entrance_01,Person_8,Low Confidence Mask,0.49,MEDIUM
2026-08-22 14:22:31,Camera_Entrance_01,Person_5,Low Confidence Mask,0.46,MEDIUM
2026-08-22 14:22:31,Camera_Entrance_01,Person_1,Face & Credentials Masked,0.74,LOW
2026-08-22 14:22:31,Camera_Entrance_01,Person_6,Low Confidence Mask,0.48,MEDIUM
2026-08-22 14:22:31,Camera_Entrance_01,Person_7,Face & Credentials Masked,0.71,LOW
2026-08-22 14:22:31,Camera_Entrance_01,Person_8,Face & Credentials Masked,0.6,LOW
2026-08-22 14:22:31,Camera_Entrance_01,Person_5,Low Confidence Mask,0.55,MEDIUM
2026-08-22 14:22:31,Camera_Entrance_01,Person_1,Face & Credentials Masked,0.76,LOW
2026-08-22 14:22:31,Camera_Entrance_01,Person_6,Low Confidence Mask,0.54,MEDIUM
2026-08-22 14:22:31,Camera_Entrance_01,Person_7,Low Confidence Mask,0.53,MEDIUM
2026-08-22 14:22:31,Camera_Entrance_01,Person_8,Face & Credentials Masked,0.8,LOW
2026-08-22 14:22:31,Camera_Entrance_01,Person_5,Low Confidence Mask,0.53,MEDIUM
2026-08-22 14:22:31,Camera_Entrance_01,Person_1,Face & Credentials Masked,0.76,LOW
2026-08-22 14:22:31,Camera_Entrance_01,Person_6,Face & Credentials Masked,0.64,LOW
2026-08-22 14:22:31,Camera_Entrance_01,Person_7,Face & Credentials Masked,0.69,LOW
2026-08-22 14:22:31,Camera_Entrance_01,Person_8,Face & Credentials Masked,0.8,LOW
2026-08-22 14:22:31,Camera_Entrance_01,Person_5,Low Confidence Mask,0.54,MEDIUM
2026-08-22 14:22:31,Camera_Entrance_01,Person_1,Face & Credentials Masked,0.8,LOW
2026-08-22 14:22:31,Camera_Entrance_01,Person_6,Low Confidence Mask,0.53,MEDIUM
2026-08-22 14:22:31,Camera_Entrance_01,Person_7,Face & Credentials Masked,0.76,LOW
2026-08-22 14:22:31,Camera_Entrance_01,Person_8,Face & Credentials Masked,0.84,LOW
2026-08-22 14:22:31,Camera_Entrance_01,Person_5,Face & Credentials Masked,0.66,LOW
2026-08-22 14:22:31,Camera_Entrance_01,Person_1,Face & Credentials Masked,0.81,LOW
2026-08-22 14:22:31,Camera_Entrance_01,Person_6,Face & Credentials Masked,0.67,LOW
2026-08-22 14:22:31,Camera_Entrance_01,Person_7,Face & Credentials Masked,0.77,LOW
2026-08-22 14:22:31,Camera_Entrance_01,Person_8,Face & Credentials Masked,0.84,LOW
2026-08-22 14:22:31,Camera_Entrance_01,Person_5,Low Confidence Mask,0.57,MEDIUM
2026-08-22 14:22:32,Camera_Entrance_01,Person_1,Face & Credentials Masked,0.77,LOW
2026-08-22 14:22:32,Camera_Entrance_01,Person_6,Face & Credentials Masked,0.65,LOW
2026-08-22 14:22:32,Camera_Entrance_01,Person_7,Face & Credentials Masked,0.79,LOW
2026-08-22 14:22:32,Camera_Entrance_01,Person_8,Face & Credentials Masked,0.84,LOW
2026-08-22 14:22:32,Camera_Entrance_01,Person_5,Face & Credentials Masked,0.61,LOW
2026-08-22 14:22:32,Camera_Entrance_01,Person_1,Face & Credentials Masked,0.76,LOW
2026-08-22 14:22:32,Camera_Entrance_01,Person_6,Low Confidence Mask,0.56,MEDIUM
2026-08-22 14:22:32,Camera_Entrance_01,Person_7,Face & Credentials Masked,0.8,LOW
2026-08-22 14:22:32,Camera_Entrance_01,Person_8,Face & Credentials Masked,0.82,LOW
2026-08-22 14:22:32,Camera_Entrance_01,Person_5,Low Confidence Mask,0.48,MEDIUM
2026-08-22 14:22:32,Camera_Entrance_01,Person_1,Face & Credentials Masked,0.74,LOW
2026-08-22 14:22:32,Camera_Entrance_01,Person_6,Low Confidence Mask,0.5,MEDIUM
2026-08-22 14:22:32,Camera_Entrance_01,Person_7,Face & Credentials Masked,0.78,LOW
2026-08-22 14:22:32,Camera_Entrance_01,Person_8,Face & Credentials Masked,0.64,LOW
2026-08-22 14:22:32,Camera_Entrance_01,Person_5,Low Confidence Mask,0.47,MEDIUM
2026-08-22 14:22:32,Camera_Entrance_01,Person_1,Face & Credentials Masked,0.73,LOW
2026-08-22 14:22:32,Camera_Entrance_01,Person_6,Low Confidence Mask,0.51,MEDIUM
2026-08-22 14:22:32,Camera_Entrance_01,Person_7,Face & Credentials Masked,0.76,LOW
2026-08-22 14:22:32,Camera_Entrance_01,Person_8,Low Confidence Mask,0.31,MEDIUM
2026-08-22 14:22:32,Camera_Entrance_01,Person_5,Low Confidence Mask,0.44,MEDIUM
2026-08-22 14:22:32,Camera_Entrance_01,Person_9,Face & Credentials Masked,0.74,LOW
2026-08-22 14:22:32,Camera_Entrance_01,Person_1,Face & Credentials Masked,0.76,LOW
2026-08-22 14:22:32,Camera_Entrance_01,Person_6,Low Confidence Mask,0.51,MEDIUM
2026-08-22 14:22:32,Camera_Entrance_01,Person_7,Face & Credentials Masked,0.81,LOW
2026-08-22 14:22:32,Camera_Entrance_01,Person_8,Low Confidence Mask,0.39,MEDIUM
2026-08-22 14:22:32,Camera_Entrance_01,Person_5,Low Confidence Mask,0.5,MEDIUM
2026-08-22 14:22:32,Camera_Entrance_01,Person_9,Face & Credentials Masked,0.74,LOW
2026-08-22 14:22:32,Camera_Entrance_01,Person_1,Face & Credentials Masked,0.77,LOW
2026-08-22 14:22:32,Camera_Entrance_01,Person_6,Low Confidence Mask,0.46,MEDIUM
2026-08-22 14:22:32,Camera_Entrance_01,Person_7,Face & Credentials Masked,0.79,LOW
2026-08-22 14:22:32,Camera_Entrance_01,Person_8,Face & Credentials Masked,0.64,LOW
2026-08-22 14:22:32,Camera_Entrance_01,Person_5,Low Confidence Mask,0.57,MEDIUM
2026-08-22 14:22:32,Camera_Entrance_01,Person_9,Face & Credentials Masked,0.71,LOW
2026-08-22 14:22:32,Camera_Entrance_01,Person_1,Face & Credentials Masked,0.75,LOW
2026-08-22 14:22:32,Camera_Entrance_01,Person_6,Low Confidence Mask,0.52,MEDIUM
2026-08-22 14:22:32,Camera_Entrance_01,Person_7,Face & Credentials Masked,0.79,LOW
2026-08-22 14:22:32,Camera_Entrance_01,Person_8,Face & Credentials Masked,0.7,LOW
2026-08-22 14:22:32,Camera_Entrance_01,Person_5,Face & Credentials Masked,0.61,LOW
2026-08-22 14:22:32,Camera_Entrance_01,Person_9,Face & Credentials Masked,0.69,LOW
2026-08-22 14:22:33,Camera_Entrance_01,Person_1,Face & Credentials Masked,0.77,LOW
2026-08-22 14:22:33,Camera_Entrance_01,Person_6,Low Confidence Mask,0.51,MEDIUM
2026-08-22 14:22:33,Camera_Entrance_01,Person_7,Face & Credentials Masked,0.79,LOW
2026-08-22 14:22:33,Camera_Entrance_01,Person_8,Face & Credentials Masked,0.71,LOW
2026-08-22 14:22:33,Camera_Entrance_01,Person_5,Low Confidence Mask,0.55,MEDIUM
2026-08-22 14:22:33,Camera_Entrance_01,Person_9,Face & Credentials Masked,0.73,LOW
2026-08-22 14:22:33,Camera_Entrance_01,Person_1,Face & Credentials Masked,0.73,LOW
2026-08-22 14:22:33,Camera_Entrance_01,Person_6,Low Confidence Mask,0.51,MEDIUM
2026-08-22 14:22:33,Camera_Entrance_01,Person_7,Face & Credentials Masked,0.82,LOW
2026-08-22 14:22:33,Camera_Entrance_01,Person_8,Face & Credentials Masked,0.71,LOW
2026-08-22 14:22:33,Camera_Entrance_01,Person_5,Low Confidence Mask,0.57,MEDIUM
2026-08-22 14:22:33,Camera_Entrance_01,Person_9,Face & Credentials Masked,0.64,LOW
2026-08-22 14:22:33,Camera_Entrance_01,Person_1,Face & Credentials Masked,0.67,LOW
2026-08-22 14:22:33,Camera_Entrance_01,Person_6,Face & Credentials Masked,0.65,LOW
2026-08-22 14:22:33,Camera_Entrance_01,Person_7,Face & Credentials Masked,0.81,LOW
2026-08-22 14:22:33,Camera_Entrance_01,Person_8,Face & Credentials Masked,0.67,LOW
2026-08-22 14:22:33,Camera_Entrance_01,Person_5,Low Confidence Mask,0.56,MEDIUM
2026-08-22 14:22:33,Camera_Entrance_01,Person_9,Face & Credentials Masked,0.67,LOW
2026-08-22 14:22:33,Camera_Entrance_01,Person_1,Face & Credentials Masked,0.65,LOW
2026-08-22 14:22:33,Camera_Entrance_01,Person_6,Face & Credentials Masked,0.63,LOW
2026-08-22 14:22:33,Camera_Entrance_01,Person_7,Face & Credentials Masked,0.77,LOW
2026-08-22 14:22:33,Camera_Entrance_01,Person_8,Low Confidence Mask,0.5,MEDIUM
2026-08-22 14:22:33,Camera_Entrance_01,Person_5,Face & Credentials Masked,0.76,LOW
2026-08-22 14:22:33,Camera_Entrance_01,Person_9,Face & Credentials Masked,0.63,LOW
2026-08-22 14:22:33,Camera_Entrance_01,Person_1,Face & Credentials Masked,0.76,LOW
2026-08-22 14:22:33,Camera_Entrance_01,Person_6,Face & Credentials Masked,0.65,LOW
2026-08-22 14:22:33,Camera_Entrance_01,Person_7,Face & Credentials Masked,0.74,LOW
2026-08-22 14:22:33,Camera_Entrance_01,Person_8,Face & Credentials Masked,0.77,LOW
2026-08-22 14:22:33,Camera_Entrance_01,Person_5,Face & Credentials Masked,0.61,LOW
2026-08-22 14:22:33,Camera_Entrance_01,Person_9,Low Confidence Mask,0.57,MEDIUM
2026-08-22 14:22:33,Camera_Entrance_01,Person_1,Face & Credentials Masked,0.79,LOW
2026-08-22 14:22:33,Camera_Entrance_01,Person_6,Face & Credentials Masked,0.68,LOW
2026-08-22 14:22:33,Camera_Entrance_01,Person_7,Face & Credentials Masked,0.73,LOW
2026-08-22 14:22:33,Camera_Entrance_01,Person_8,Face & Credentials Masked,0.8,LOW
2026-08-22 14:22:33,Camera_Entrance_01,Person_5,Low Confidence Mask,0.58,MEDIUM
2026-08-22 14:22:33,Camera_Entrance_01,Person_9,Low Confidence Mask,0.32,MEDIUM
2026-08-22 14:22:33,Camera_Entrance_01,Person_1,Face & Credentials Masked,0.82,LOW
2026-08-22 14:22:33,Camera_Entrance_01,Person_6,Face & Credentials Masked,0.62,LOW
2026-08-22 14:22:33,Camera_Entrance_01,Person_7,Face & Credentials Masked,0.72,LOW
2026-08-22 14:22:33,Camera_Entrance_01,Person_8,Face & Credentials Masked,0.7,LOW
2026-08-22 14:22:33,Camera_Entrance_01,Person_5,Low Confidence Mask,0.52,MEDIUM
2026-08-22 14:22:33,Camera_Entrance_01,Person_3,Face & Credentials Masked,0.62,LOW
2026-08-22 14:22:34,Camera_Entrance_01,Person_1,Face & Credentials Masked,0.79,LOW
2026-08-22 14:22:34,Camera_Entrance_01,Person_6,Face & Credentials Masked,0.67,LOW
2026-08-22 14:22:34,Camera_Entrance_01,Person_7,Face & Credentials Masked,0.77,LOW
2026-08-22 14:22:34,Camera_Entrance_01,Person_8,Low Confidence Mask,0.37,MEDIUM
2026-08-22 14:22:34,Camera_Entrance_01,Person_5,Low Confidence Mask,0.33,MEDIUM
2026-08-22 14:22:34,Camera_Entrance_01,Person_3,Face & Credentials Masked,0.66,LOW
2026-08-22 14:22:34,Camera_Entrance_01,Person_1,Face & Credentials Masked,0.74,LOW
2026-08-22 14:22:34,Camera_Entrance_01,Person_6,Face & Credentials Masked,0.6,LOW
2026-08-22 14:22:34,Camera_Entrance_01,Person_7,Face & Credentials Masked,0.8,LOW
2026-08-22 14:22:34,Camera_Entrance_01,Person_8,Low Confidence Mask,0.58,MEDIUM
2026-08-22 14:22:34,Camera_Entrance_01,Person_5,Low Confidence Mask,0.32,MEDIUM
2026-08-22 14:22:34,Camera_Entrance_01,Person_3,Face & Credentials Masked,0.69,LOW
2026-08-22 14:22:34,Camera_Entrance_01,Person_9,Low Confidence Mask,0.27,MEDIUM
2026-08-22 14:22:34,Camera_Entrance_01,Person_1,Face & Credentials Masked,0.61,LOW
2026-08-22 14:22:34,Camera_Entrance_01,Person_6,Low Confidence Mask,0.5,MEDIUM
2026-08-22 14:22:34,Camera_Entrance_01,Person_7,Face & Credentials Masked,0.81,LOW
2026-08-22 14:22:34,Camera_Entrance_01,Person_8,Low Confidence Mask,0.47,MEDIUM
2026-08-22 14:22:34,Camera_Entrance_01,Person_5,Low Confidence Mask,0.45,MEDIUM
2026-08-22 14:22:34,Camera_Entrance_01,Person_3,Face & Credentials Masked,0.67,LOW
2026-08-22 14:22:34,Camera_Entrance_01,Person_9,Low Confidence Mask,0.38,MEDIUM
2026-08-22 14:22:34,Camera_Entrance_01,Person_1,Face & Credentials Masked,0.65,LOW
2026-08-22 14:22:34,Camera_Entrance_01,Person_6,Low Confidence Mask,0.53,MEDIUM
2026-08-22 14:22:34,Camera_Entrance_01,Person_7,Face & Credentials Masked,0.8,LOW
2026-08-22 14:22:34,Camera_Entrance_01,Person_5,Low Confidence Mask,0.54,MEDIUM
2026-08-22 14:22:34,Camera_Entrance_01,Person_3,Face & Credentials Masked,0.67,LOW
2026-08-22 14:22:34,Camera_Entrance_01,Person_9,Low Confidence Mask,0.4,MEDIUM
2026-08-22 14:22:34,Camera_Entrance_01,Person_1,Face & Credentials Masked,0.75,LOW
2026-08-22 14:22:34,Camera_Entrance_01,Person_6,Face & Credentials Masked,0.62,LOW
2026-08-22 14:22:34,Camera_Entrance_01,Person_7,Face & Credentials Masked,0.8,LOW
2026-08-22 14:22:34,Camera_Entrance_01,Person_5,Low Confidence Mask,0.58,MEDIUM
2026-08-22 14:22:34,Camera_Entrance_01,Person_3,Face & Credentials Masked,0.74,LOW
2026-08-22 14:22:34,Camera_Entrance_01,Person_9,Low Confidence Mask,0.3,MEDIUM
2026-08-22 14:22:34,Camera_Entrance_01,Person_1,Face & Credentials Masked,0.77,LOW
2026-08-22 14:22:34,Camera_Entrance_01,Person_6,Face & Credentials Masked,0.65,LOW
2026-08-22 14:22:34,Camera_Entrance_01,Person_7,Face & Credentials Masked,0.79,LOW
2026-08-22 14:22:34,Camera_Entrance_01,Person_5,Face & Credentials Masked,0.65,LOW
2026-08-22 14:22:34,Camera_Entrance_01,Person_3,Face & Credentials Masked,0.76,LOW
2026-08-22 14:22:34,Camera_Entrance_01,Person_9,Low Confidence Mask,0.42,MEDIUM
2026-08-22 14:22:34,Camera_Entrance_01,Person_1,Face & Credentials Masked,0.77,LOW
2026-08-22 14:22:34,Camera_Entrance_01,Person_6,Face & Credentials Masked,0.67,LOW
2026-08-22 14:22:34,Camera_Entrance_01,Person_7,Face & Credentials Masked,0.78,LOW
2026-08-22 14:22:34,Camera_Entrance_01,Person_5,Face & Credentials Masked,0.68,LOW
2026-08-22 14:22:34,Camera_Entrance_01,Person_3,Face & Credentials Masked,0.75,LOW
2026-08-22 14:22:34,Camera_Entrance_01,Person_9,Low Confidence Mask,0.38,MEDIUM
2026-08-22 14:22:35,Camera_Entrance_01,Person_1,Face & Credentials Masked,0.78,LOW
2026-08-22 14:22:35,Camera_Entrance_01,Person_6,Face & Credentials Masked,0.65,LOW
2026-08-22 14:22:35,Camera_Entrance_01,Person_7,Face & Credentials Masked,0.77,LOW
2026-08-22 14:22:35,Camera_Entrance_01,Person_5,Face & Credentials Masked,0.68,LOW
2026-08-22 14:22:35,Camera_Entrance_01,Person_3,Face & Credentials Masked,0.77,LOW
2026-08-22 14:22:35,Camera_Entrance_01,Person_9,Low Confidence Mask,0.44,MEDIUM
2026-08-22 14:22:35,Camera_Entrance_01,Person_1,Face & Credentials Masked,0.72,LOW
2026-08-22 14:22:35,Camera_Entrance_01,Person_6,Face & Credentials Masked,0.6,LOW
2026-08-22 14:22:35,Camera_Entrance_01,Person_7,Face & Credentials Masked,0.76,LOW
2026-08-22 14:22:35,Camera_Entrance_01,Person_5,Face & Credentials Masked,0.66,LOW
2026-08-22 14:22:35,Camera_Entrance_01,Person_3,Face & Credentials Masked,0.79,LOW
2026-08-22 14:22:35,Camera_Entrance_01,Person_9,Low Confidence Mask,0.35,MEDIUM
2026-08-22 14:22:35,Camera_Entrance_01,Person_1,Low Confidence Mask,0.59,MEDIUM
2026-08-22 14:22:35,Camera_Entrance_01,Person_6,Low Confidence Mask,0.51,MEDIUM
2026-08-22 14:22:35,Camera_Entrance_01,Person_7,Face & Credentials Masked,0.79,LOW
2026-08-22 14:22:35,Camera_Entrance_01,Person_5,Face & Credentials Masked,0.61,LOW
2026-08-22 14:22:35,Camera_Entrance_01,Person_3,Face & Credentials Masked,0.77,LOW
2026-08-22 14:22:35,Camera_Entrance_01,Person_9,Low Confidence Mask,0.32,MEDIUM
2026-08-22 14:22:35,Camera_Entrance_01,Person_1,Low Confidence Mask,0.38,MEDIUM
2026-08-22 14:22:35,Camera_Entrance_01,Person_6,Low Confidence Mask,0.58,MEDIUM
2026-08-22 14:22:35,Camera_Entrance_01,Person_7,Face & Credentials Masked,0.8,LOW
2026-08-22 14:22:35,Camera_Entrance_01,Person_5,Face & Credentials Masked,0.6,LOW
2026-08-22 14:22:35,Camera_Entrance_01,Person_3,Face & Credentials Masked,0.76,LOW
2026-08-22 14:22:35,Camera_Entrance_01,Person_1,Low Confidence Mask,0.31,MEDIUM
2026-08-22 14:22:35,Camera_Entrance_01,Person_6,Low Confidence Mask,0.54,MEDIUM
2026-08-22 14:22:35,Camera_Entrance_01,Person_7,Face & Credentials Masked,0.77,LOW
2026-08-22 14:22:35,Camera_Entrance_01,Person_5,Face & Credentials Masked,0.66,LOW
2026-08-22 14:22:35,Camera_Entrance_01,Person_3,Face & Credentials Masked,0.77,LOW
2026-08-22 14:22:35,Camera_Entrance_01,Person_6,Low Confidence Mask,0.42,MEDIUM
2026-08-22 14:22:35,Camera_Entrance_01,Person_7,Face & Credentials Masked,0.74,LOW
2026-08-22 14:22:35,Camera_Entrance_01,Person_5,Face & Credentials Masked,0.74,LOW
2026-08-22 14:22:35,Camera_Entrance_01,Person_3,Face & Credentials Masked,0.74,LOW
2026-08-22 14:22:35,Camera_Entrance_01,Person_10,Face & Credentials Masked,0.69,LOW
2026-08-22 14:22:35,Camera_Entrance_01,Person_6,Low Confidence Mask,0.47,MEDIUM
2026-08-22 14:22:35,Camera_Entrance_01,Person_7,Face & Credentials Masked,0.76,LOW
2026-08-22 14:22:35,Camera_Entrance_01,Person_5,Face & Credentials Masked,0.77,LOW
2026-08-22 14:22:35,Camera_Entrance_01,Person_3,Face & Credentials Masked,0.77,LOW
2026-08-22 14:22:35,Camera_Entrance_01,Person_10,Face & Credentials Masked,0.69,LOW
2026-08-22 14:22:36,Camera_Entrance_01,Person_6,Low Confidence Mask,0.49,MEDIUM
2026-08-22 14:22:36,Camera_Entrance_01,Person_7,Face & Credentials Masked,0.74,LOW
2026-08-22 14:22:36,Camera_Entrance_01,Person_5,Face & Credentials Masked,0.76,LOW
2026-08-22 14:22:36,Camera_Entrance_01,Person_3,Face & Credentials Masked,0.76,LOW
2026-08-22 14:22:36,Camera_Entrance_01,Person_10,Face & Credentials Masked,0.66,LOW
2026-08-22 14:22:36,Camera_Entrance_01,Person_1,Low Confidence Mask,0.26,MEDIUM
2026-08-22 14:22:36,Camera_Entrance_01,Person_6,Low Confidence Mask,0.54,MEDIUM
2026-08-22 14:22:36,Camera_Entrance_01,Person_7,Face & Credentials Masked,0.77,LOW
2026-08-22 14:22:36,Camera_Entrance_01,Person_5,Face & Credentials Masked,0.68,LOW
2026-08-22 14:22:36,Camera_Entrance_01,Person_3,Face & Credentials Masked,0.72,LOW
2026-08-22 14:22:36,Camera_Entrance_01,Person_10,Face & Credentials Masked,0.63,LOW
2026-08-22 14:22:36,Camera_Entrance_01,Person_6,Low Confidence Mask,0.46,MEDIUM
2026-08-22 14:22:36,Camera_Entrance_01,Person_7,Face & Credentials Masked,0.76,LOW
2026-08-22 14:22:36,Camera_Entrance_01,Person_5,Face & Credentials Masked,0.66,LOW
2026-08-22 14:22:36,Camera_Entrance_01,Person_3,Face & Credentials Masked,0.71,LOW
2026-08-22 14:22:36,Camera_Entrance_01,Person_10,Face & Credentials Masked,0.66,LOW
2026-08-22 14:22:36,Camera_Entrance_01,Person_6,Low Confidence Mask,0.41,MEDIUM
2026-08-22 14:22:36,Camera_Entrance_01,Person_7,Face & Credentials Masked,0.74,LOW
2026-08-22 14:22:36,Camera_Entrance_01,Person_5,Face & Credentials Masked,0.64,LOW
2026-08-22 14:22:36,Camera_Entrance_01,Person_3,Face & Credentials Masked,0.67,LOW
2026-08-22 14:22:36,Camera_Entrance_01,Person_10,Face & Credentials Masked,0.63,LOW
2026-08-22 14:22:36,Camera_Entrance_01,Person_6,Low Confidence Mask,0.45,MEDIUM
2026-08-22 14:22:36,Camera_Entrance_01,Person_7,Face & Credentials Masked,0.74,LOW
2026-08-22 14:22:36,Camera_Entrance_01,Person_5,Low Confidence Mask,0.55,MEDIUM
2026-08-22 14:22:36,Camera_Entrance_01,Person_3,Low Confidence Mask,0.5,MEDIUM
2026-08-22 14:22:36,Camera_Entrance_01,Person_10,Face & Credentials Masked,0.71,LOW
2026-08-22 14:22:36,Camera_Entrance_01,Person_6,Low Confidence Mask,0.35,MEDIUM
2026-08-22 14:22:36,Camera_Entrance_01,Person_7,Face & Credentials Masked,0.77,LOW
2026-08-22 14:22:36,Camera_Entrance_01,Person_5,Low Confidence Mask,0.51,MEDIUM
2026-08-22 14:22:36,Camera_Entrance_01,Person_3,Low Confidence Mask,0.51,MEDIUM
2026-08-22 14:22:36,Camera_Entrance_01,Person_10,Face & Credentials Masked,0.67,LOW
2026-08-22 14:22:36,Camera_Entrance_01,Person_6,Low Confidence Mask,0.41,MEDIUM
2026-08-22 14:22:36,Camera_Entrance_01,Person_7,Face & Credentials Masked,0.78,LOW
2026-08-22 14:22:36,Camera_Entrance_01,Person_5,Low Confidence Mask,0.52,MEDIUM
2026-08-22 14:22:36,Camera_Entrance_01,Person_3,Low Confidence Mask,0.4,MEDIUM
2026-08-22 14:22:36,Camera_Entrance_01,Person_10,Face & Credentials Masked,0.76,LOW
2026-08-22 14:22:37,Camera_Entrance_01,Person_6,Low Confidence Mask,0.53,MEDIUM
2026-08-22 14:22:37,Camera_Entrance_01,Person_7,Face & Credentials Masked,0.76,LOW
2026-08-22 14:22:37,Camera_Entrance_01,Person_5,Low Confidence Mask,0.59,MEDIUM
2026-08-22 14:22:37,Camera_Entrance_01,Person_3,Low Confidence Mask,0.44,MEDIUM
2026-08-22 14:22:37,Camera_Entrance_01,Person_10,Face & Credentials Masked,0.81,LOW
2026-08-22 14:22:37,Camera_Entrance_01,Person_6,Low Confidence Mask,0.52,MEDIUM
2026-08-22 14:22:37,Camera_Entrance_01,Person_7,Face & Credentials Masked,0.77,LOW
2026-08-22 14:22:37,Camera_Entrance_01,Person_5,Face & Credentials Masked,0.61,LOW
2026-08-22 14:22:37,Camera_Entrance_01,Person_3,Low Confidence Mask,0.54,MEDIUM
2026-08-22 14:22:37,Camera_Entrance_01,Person_10,Face & Credentials Masked,0.83,LOW
2026-08-22 14:22:37,Camera_Entrance_01,Person_8,Face & Credentials Masked,0.62,LOW
2026-08-22 14:22:37,Camera_Entrance_01,Person_6,Low Confidence Mask,0.52,MEDIUM
2026-08-22 14:22:37,Camera_Entrance_01,Person_7,Face & Credentials Masked,0.79,LOW
2026-08-22 14:22:37,Camera_Entrance_01,Person_5,Face & Credentials Masked,0.64,LOW
2026-08-22 14:22:37,Camera_Entrance_01,Person_3,Face & Credentials Masked,0.6,LOW
2026-08-22 14:22:37,Camera_Entrance_01,Person_10,Face & Credentials Masked,0.84,LOW
2026-08-22 14:22:37,Camera_Entrance_01,Person_8,Face & Credentials Masked,0.71,LOW
2026-08-22 14:22:37,Camera_Entrance_01,Person_6,Low Confidence Mask,0.55,MEDIUM
2026-08-22 14:22:37,Camera_Entrance_01,Person_7,Face & Credentials Masked,0.75,LOW
2026-08-22 14:22:37,Camera_Entrance_01,Person_5,Face & Credentials Masked,0.72,LOW
2026-08-22 14:22:37,Camera_Entrance_01,Person_3,Low Confidence Mask,0.52,MEDIUM
2026-08-22 14:22:37,Camera_Entrance_01,Person_10,Face & Credentials Masked,0.86,LOW
2026-08-22 14:22:37,Camera_Entrance_01,Person_8,Face & Credentials Masked,0.79,LOW
2026-08-22 14:22:37,Camera_Entrance_01,Person_6,Face & Credentials Masked,0.62,LOW
2026-08-22 14:22:37,Camera_Entrance_01,Person_7,Face & Credentials Masked,0.61,LOW
2026-08-22 14:22:37,Camera_Entrance_01,Person_5,Face & Credentials Masked,0.68,LOW
2026-08-22 14:22:37,Camera_Entrance_01,Person_3,Low Confidence Mask,0.45,MEDIUM
2026-08-22 14:22:37,Camera_Entrance_01,Person_10,Face & Credentials Masked,0.86,LOW
2026-08-22 14:22:37,Camera_Entrance_01,Person_8,Face & Credentials Masked,0.82,LOW
2026-08-22 14:22:37,Camera_Entrance_01,Person_6,Face & Credentials Masked,0.61,LOW
2026-08-22 14:22:37,Camera_Entrance_01,Person_7,Low Confidence Mask,0.59,MEDIUM
2026-08-22 14:22:37,Camera_Entrance_01,Person_5,Face & Credentials Masked,0.69,LOW
2026-08-22 14:22:37,Camera_Entrance_01,Person_3,Low Confidence Mask,0.46,MEDIUM
2026-08-22 14:22:37,Camera_Entrance_01,Person_10,Face & Credentials Masked,0.84,LOW
2026-08-22 14:22:37,Camera_Entrance_01,Person_8,Face & Credentials Masked,0.8,LOW
2026-08-22 14:22:37,Camera_Entrance_01,Person_6,Low Confidence Mask,0.57,MEDIUM
2026-08-22 14:22:37,Camera_Entrance_01,Person_7,Low Confidence Mask,0.51,MEDIUM
2026-08-22 14:22:37,Camera_Entrance_01,Person_5,Face & Credentials Masked,0.76,LOW
2026-08-22 14:22:37,Camera_Entrance_01,Person_3,Low Confidence Mask,0.46,MEDIUM
2026-08-22 14:22:37,Camera_Entrance_01,Person_10,Face & Credentials Masked,0.85,LOW
2026-08-22 14:22:37,Camera_Entrance_01,Person_8,Face & Credentials Masked,0.83,LOW
2026-08-22 14:22:38,Camera_Entrance_01,Person_6,Low Confidence Mask,0.55,MEDIUM
2026-08-22 14:22:38,Camera_Entrance_01,Person_7,Low Confidence Mask,0.35,MEDIUM
2026-08-22 14:22:38,Camera_Entrance_01,Person_5,Face & Credentials Masked,0.68,LOW
2026-08-22 14:22:38,Camera_Entrance_01,Person_3,Low Confidence Mask,0.42,MEDIUM
2026-08-22 14:22:38,Camera_Entrance_01,Person_10,Face & Credentials Masked,0.82,LOW
2026-08-22 14:22:38,Camera_Entrance_01,Person_8,Face & Credentials Masked,0.83,LOW
2026-08-22 14:22:38,Camera_Entrance_01,Person_6,Low Confidence Mask,0.56,MEDIUM
2026-08-22 14:22:38,Camera_Entrance_01,Person_5,Face & Credentials Masked,0.68,LOW
2026-08-22 14:22:38,Camera_Entrance_01,Person_3,Low Confidence Mask,0.4,MEDIUM
2026-08-22 14:22:38,Camera_Entrance_01,Person_10,Face & Credentials Masked,0.73,LOW
2026-08-22 14:22:38,Camera_Entrance_01,Person_8,Face & Credentials Masked,0.8,LOW
2026-08-22 14:22:38,Camera_Entrance_01,Person_6,Low Confidence Mask,0.49,MEDIUM
2026-08-22 14:22:38,Camera_Entrance_01,Person_5,Low Confidence Mask,0.55,MEDIUM
2026-08-22 14:22:38,Camera_Entrance_01,Person_10,Face & Credentials Masked,0.8,LOW
2026-08-22 14:22:38,Camera_Entrance_01,Person_8,Face & Credentials Masked,0.77,LOW
2026-08-22 14:22:38,Camera_Entrance_01,Person_6,Low Confidence Mask,0.28,MEDIUM
2026-08-22 14:22:38,Camera_Entrance_01,Person_5,Low Confidence Mask,0.5,MEDIUM
2026-08-22 14:22:38,Camera_Entrance_01,Person_10,Face & Credentials Masked,0.79,LOW
2026-08-22 14:22:38,Camera_Entrance_01,Person_8,Face & Credentials Masked,0.72,LOW
2026-08-22 14:22:38,Camera_Entrance_01,Person_3,Low Confidence Mask,0.36,MEDIUM
2026-08-22 14:22:38,Camera_Entrance_01,Person_6,Low Confidence Mask,0.54,MEDIUM
2026-08-22 14:22:38,Camera_Entrance_01,Person_5,Low Confidence Mask,0.55,MEDIUM
2026-08-22 14:22:38,Camera_Entrance_01,Person_10,Face & Credentials Masked,0.81,LOW
2026-08-22 14:22:38,Camera_Entrance_01,Person_8,Face & Credentials Masked,0.81,LOW
2026-08-22 14:22:38,Camera_Entrance_01,Person_3,Low Confidence Mask,0.39,MEDIUM
2026-08-22 14:22:38,Camera_Entrance_01,Person_6,Low Confidence Mask,0.54,MEDIUM
2026-08-22 14:22:38,Camera_Entrance_01,Person_5,Low Confidence Mask,0.48,MEDIUM
2026-08-22 14:22:38,Camera_Entrance_01,Person_10,Face & Credentials Masked,0.81,LOW
2026-08-22 14:22:38,Camera_Entrance_01,Person_8,Face & Credentials Masked,0.77,LOW
2026-08-22 14:22:38,Camera_Entrance_01,Person_3,Low Confidence Mask,0.46,MEDIUM
2026-08-22 14:22:38,Camera_Entrance_01,Person_6,Low Confidence Mask,0.47,MEDIUM
2026-08-22 14:22:38,Camera_Entrance_01,Person_5,Face & Credentials Masked,0.66,LOW
2026-08-22 14:22:38,Camera_Entrance_01,Person_10,Face & Credentials Masked,0.8,LOW
2026-08-22 14:22:38,Camera_Entrance_01,Person_8,Face & Credentials Masked,0.77,LOW
2026-08-22 14:22:38,Camera_Entrance_01,Person_3,Low Confidence Mask,0.43,MEDIUM
2026-08-22 14:22:39,Camera_Entrance_01,Person_6,Low Confidence Mask,0.5,MEDIUM
2026-08-22 14:22:39,Camera_Entrance_01,Person_5,Low Confidence Mask,0.57,MEDIUM
2026-08-22 14:22:39,Camera_Entrance_01,Person_10,Face & Credentials Masked,0.8,LOW
2026-08-22 14:22:39,Camera_Entrance_01,Person_8,Face & Credentials Masked,0.84,LOW
2026-08-22 14:22:39,Camera_Entrance_01,Person_3,Low Confidence Mask,0.38,MEDIUM
2026-08-22 14:22:39,Camera_Entrance_01,Person_6,Low Confidence Mask,0.46,MEDIUM
2026-08-22 14:22:39,Camera_Entrance_01,Person_5,Low Confidence Mask,0.39,MEDIUM
2026-08-22 14:22:39,Camera_Entrance_01,Person_10,Face & Credentials Masked,0.8,LOW
2026-08-22 14:22:39,Camera_Entrance_01,Person_8,Face & Credentials Masked,0.86,LOW
2026-08-22 14:22:39,Camera_Entrance_01,Person_3,Low Confidence Mask,0.34,MEDIUM
2026-08-22 14:22:39,Camera_Entrance_01,Person_6,Low Confidence Mask,0.38,MEDIUM
2026-08-22 14:22:39,Camera_Entrance_01,Person_5,Low Confidence Mask,0.28,MEDIUM
2026-08-22 14:22:39,Camera_Entrance_01,Person_10,Face & Credentials Masked,0.83,LOW
2026-08-22 14:22:39,Camera_Entrance_01,Person_8,Face & Credentials Masked,0.85,LOW
2026-08-22 14:22:39,Camera_Entrance_01,Person_3,Low Confidence Mask,0.34,MEDIUM
2026-08-22 14:22:39,Camera_Entrance_01,Person_6,Low Confidence Mask,0.51,MEDIUM
2026-08-22 14:22:39,Camera_Entrance_01,Person_5,Low Confidence Mask,0.29,MEDIUM
2026-08-22 14:22:39,Camera_Entrance_01,Person_10,Face & Credentials Masked,0.83,LOW
2026-08-22 14:22:39,Camera_Entrance_01,Person_8,Face & Credentials Masked,0.85,LOW
2026-08-22 14:22:39,Camera_Entrance_01,Person_3,Low Confidence Mask,0.47,MEDIUM
2026-08-22 14:22:39,Camera_Entrance_01,Person_6,Low Confidence Mask,0.51,MEDIUM
2026-08-22 14:22:39,Camera_Entrance_01,Person_5,Low Confidence Mask,0.37,MEDIUM
2026-08-22 14:22:39,Camera_Entrance_01,Person_10,Face & Credentials Masked,0.84,LOW
2026-08-22 14:22:39,Camera_Entrance_01,Person_8,Face & Credentials Masked,0.84,LOW
2026-08-22 14:22:39,Camera_Entrance_01,Person_3,Low Confidence Mask,0.49,MEDIUM
2026-08-22 14:22:39,Camera_Entrance_01,Person_6,Low Confidence Mask,0.58,MEDIUM
2026-08-22 14:22:39,Camera_Entrance_01,Person_5,Low Confidence Mask,0.52,MEDIUM
2026-08-22 14:22:39,Camera_Entrance_01,Person_10,Face & Credentials Masked,0.83,LOW
2026-08-22 14:22:39,Camera_Entrance_01,Person_8,Face & Credentials Masked,0.84,LOW
2026-08-22 14:22:39,Camera_Entrance_01,Person_3,Low Confidence Mask,0.4,MEDIUM
2026-08-22 14:22:39,Camera_Entrance_01,Person_6,Face & Credentials Masked,0.61,LOW
2026-08-22 14:22:39,Camera_Entrance_01,Person_5,Low Confidence Mask,0.56,MEDIUM
2026-08-22 14:22:39,Camera_Entrance_01,Person_10,Face & Credentials Masked,0.78,LOW
2026-08-22 14:22:39,Camera_Entrance_01,Person_8,Face & Credentials Masked,0.79,LOW
2026-08-22 14:22:39,Camera_Entrance_01,Person_3,Low Confidence Mask,0.27,MEDIUM
2026-08-22 14:22:40,Camera_Entrance_01,Person_6,Face & Credentials Masked,0.62,LOW
2026-08-22 14:22:40,Camera_Entrance_01,Person_5,Low Confidence Mask,0.57,MEDIUM
2026-08-22 14:22:40,Camera_Entrance_01,Person_10,Face & Credentials Masked,0.76,LOW
2026-08-22 14:22:40,Camera_Entrance_01,Person_8,Face & Credentials Masked,0.81,LOW
2026-08-22 14:22:40,Camera_Entrance_01,Person_3,Face & Credentials Masked,0.66,LOW
2026-08-22 14:22:40,Camera_Entrance_01,Person_6,Low Confidence Mask,0.53,MEDIUM
2026-08-22 14:22:40,Camera_Entrance_01,Person_5,Face & Credentials Masked,0.62,LOW
2026-08-22 14:22:40,Camera_Entrance_01,Person_10,Face & Credentials Masked,0.63,LOW
2026-08-22 14:22:40,Camera_Entrance_01,Person_8,Face & Credentials Masked,0.8,LOW
2026-08-22 14:22:40,Camera_Entrance_01,Person_3,Face & Credentials Masked,0.65,LOW
2026-08-22 14:22:40,Camera_Entrance_01,Person_6,Low Confidence Mask,0.53,MEDIUM
2026-08-22 14:22:40,Camera_Entrance_01,Person_5,Low Confidence Mask,0.57,MEDIUM
2026-08-22 14:22:40,Camera_Entrance_01,Person_10,Face & Credentials Masked,0.7,LOW
2026-08-22 14:22:40,Camera_Entrance_01,Person_8,Face & Credentials Masked,0.77,LOW
2026-08-22 14:22:40,Camera_Entrance_01,Person_3,Face & Credentials Masked,0.66,LOW
2026-08-22 14:22:40,Camera_Entrance_01,Person_7,Face & Credentials Masked,0.61,LOW
2026-08-22 14:22:40,Camera_Entrance_01,Person_6,Low Confidence Mask,0.5,MEDIUM
2026-08-22 14:22:40,Camera_Entrance_01,Person_5,Low Confidence Mask,0.57,MEDIUM
2026-08-22 14:22:40,Camera_Entrance_01,Person_10,Face & Credentials Masked,0.63,LOW
2026-08-22 14:22:40,Camera_Entrance_01,Person_8,Face & Credentials Masked,0.77,LOW
2026-08-22 14:22:40,Camera_Entrance_01,Person_3,Face & Credentials Masked,0.67,LOW
2026-08-22 14:22:40,Camera_Entrance_01,Person_7,Face & Credentials Masked,0.62,LOW
2026-08-22 14:22:40,Camera_Entrance_01,Person_6,Low Confidence Mask,0.52,MEDIUM
2026-08-22 14:22:40,Camera_Entrance_01,Person_5,Face & Credentials Masked,0.62,LOW
2026-08-22 14:22:40,Camera_Entrance_01,Person_10,Face & Credentials Masked,0.7,LOW
2026-08-22 14:22:40,Camera_Entrance_01,Person_8,Face & Credentials Masked,0.78,LOW
2026-08-22 14:22:40,Camera_Entrance_01,Person_3,Face & Credentials Masked,0.68,LOW
2026-08-22 14:22:40,Camera_Entrance_01,Person_7,Face & Credentials Masked,0.64,LOW
2026-08-22 14:22:40,Camera_Entrance_01,Person_6,Low Confidence Mask,0.49,MEDIUM
2026-08-22 14:22:40,Camera_Entrance_01,Person_5,Face & Credentials Masked,0.62,LOW
2026-08-22 14:22:40,Camera_Entrance_01,Person_10,Face & Credentials Masked,0.71,LOW
2026-08-22 14:22:40,Camera_Entrance_01,Person_8,Face & Credentials Masked,0.74,LOW
2026-08-22 14:22:40,Camera_Entrance_01,Person_3,Face & Credentials Masked,0.65,LOW
2026-08-22 14:22:40,Camera_Entrance_01,Person_7,Face & Credentials Masked,0.69,LOW
2026-08-22 14:22:40,Camera_Entrance_01,Person_6,Low Confidence Mask,0.45,MEDIUM
2026-08-22 14:22:40,Camera_Entrance_01,Person_5,Face & Credentials Masked,0.6,LOW
2026-08-22 14:22:40,Camera_Entrance_01,Person_10,Face & Credentials Masked,0.68,LOW
2026-08-22 14:22:40,Camera_Entrance_01,Person_8,Face & Credentials Masked,0.77,LOW
2026-08-22 14:22:40,Camera_Entrance_01,Person_3,Face & Credentials Masked,0.6,LOW
2026-08-22 14:22:40,Camera_Entrance_01,Person_7,Face & Credentials Masked,0.75,LOW
2026-08-22 14:22:41,Camera_Entrance_01,Person_6,Low Confidence Mask,0.43,MEDIUM
2026-08-22 14:22:41,Camera_Entrance_01,Person_5,Low Confidence Mask,0.57,MEDIUM
2026-08-22 14:22:41,Camera_Entrance_01,Person_10,Face & Credentials Masked,0.65,LOW
2026-08-22 14:22:41,Camera_Entrance_01,Person_8,Face & Credentials Masked,0.79,LOW
2026-08-22 14:22:41,Camera_Entrance_01,Person_3,Low Confidence Mask,0.49,MEDIUM
2026-08-22 14:22:41,Camera_Entrance_01,Person_7,Face & Credentials Masked,0.72,LOW
2026-08-22 14:22:41,Camera_Entrance_01,Person_6,Low Confidence Mask,0.45,MEDIUM
2026-08-22 14:22:41,Camera_Entrance_01,Person_5,Low Confidence Mask,0.5,MEDIUM
2026-08-22 14:22:41,Camera_Entrance_01,Person_10,Face & Credentials Masked,0.6,LOW
2026-08-22 14:22:41,Camera_Entrance_01,Person_8,Face & Credentials Masked,0.81,LOW
2026-08-22 14:22:41,Camera_Entrance_01,Person_3,Low Confidence Mask,0.42,MEDIUM
2026-08-22 14:22:41,Camera_Entrance_01,Person_7,Face & Credentials Masked,0.71,LOW
2026-08-22 14:22:41,Camera_Entrance_01,Person_6,Low Confidence Mask,0.51,MEDIUM
2026-08-22 14:22:41,Camera_Entrance_01,Person_5,Low Confidence Mask,0.54,MEDIUM
2026-08-22 14:22:41,Camera_Entrance_01,Person_10,Face & Credentials Masked,0.66,LOW
2026-08-22 14:22:41,Camera_Entrance_01,Person_8,Face & Credentials Masked,0.85,LOW
2026-08-22 14:22:41,Camera_Entrance_01,Person_3,Low Confidence Mask,0.39,MEDIUM
2026-08-22 14:22:41,Camera_Entrance_01,Person_7,Face & Credentials Masked,0.73,LOW
2026-08-22 14:22:41,Camera_Entrance_01,Person_6,Low Confidence Mask,0.52,MEDIUM
2026-08-22 14:22:41,Camera_Entrance_01,Person_5,Low Confidence Mask,0.5,MEDIUM
2026-08-22 14:22:41,Camera_Entrance_01,Person_10,Face & Credentials Masked,0.73,LOW
2026-08-22 14:22:41,Camera_Entrance_01,Person_8,Face & Credentials Masked,0.82,LOW
2026-08-22 14:22:41,Camera_Entrance_01,Person_3,Low Confidence Mask,0.47,MEDIUM
2026-08-22 14:22:41,Camera_Entrance_01,Person_7,Face & Credentials Masked,0.74,LOW
2026-08-22 14:22:41,Camera_Entrance_01,Person_6,Low Confidence Mask,0.54,MEDIUM
2026-08-22 14:22:41,Camera_Entrance_01,Person_5,Low Confidence Mask,0.45,MEDIUM
2026-08-22 14:22:41,Camera_Entrance_01,Person_10,Face & Credentials Masked,0.67,LOW
2026-08-22 14:22:41,Camera_Entrance_01,Person_8,Face & Credentials Masked,0.8,LOW
2026-08-22 14:22:41,Camera_Entrance_01,Person_3,Low Confidence Mask,0.51,MEDIUM
2026-08-22 14:22:41,Camera_Entrance_01,Person_7,Face & Credentials Masked,0.73,LOW
2026-08-22 14:22:41,Camera_Entrance_01,Person_6,Low Confidence Mask,0.58,MEDIUM
2026-08-22 14:22:41,Camera_Entrance_01,Person_5,Low Confidence Mask,0.52,MEDIUM
2026-08-22 14:22:41,Camera_Entrance_01,Person_10,Face & Credentials Masked,0.67,LOW
2026-08-22 14:22:41,Camera_Entrance_01,Person_8,Face & Credentials Masked,0.81,LOW
2026-08-22 14:22:41,Camera_Entrance_01,Person_3,Low Confidence Mask,0.39,MEDIUM
2026-08-22 14:22:41,Camera_Entrance_01,Person_7,Face & Credentials Masked,0.74,LOW
2026-08-22 14:22:41,Camera_Entrance_01,Person_6,Low Confidence Mask,0.57,MEDIUM
2026-08-22 14:22:41,Camera_Entrance_01,Person_5,Low Confidence Mask,0.5,MEDIUM
2026-08-22 14:22:41,Camera_Entrance_01,Person_10,Low Confidence Mask,0.42,MEDIUM
2026-08-22 14:22:41,Camera_Entrance_01,Person_8,Face & Credentials Masked,0.78,LOW
2026-08-22 14:22:41,Camera_Entrance_01,Person_3,Low Confidence Mask,0.48,MEDIUM
2026-08-22 14:22:41,Camera_Entrance_01,Person_7,Face & Credentials Masked,0.75,LOW
2026-08-22 14:22:42,Camera_Entrance_01,Person_6,Low Confidence Mask,0.57,MEDIUM
2026-08-22 14:22:42,Camera_Entrance_01,Person_5,Low Confidence Mask,0.54,MEDIUM
2026-08-22 14:22:42,Camera_Entrance_01,Person_10,Low Confidence Mask,0.28,MEDIUM
2026-08-22 14:22:42,Camera_Entrance_01,Person_8,Face & Credentials Masked,0.77,LOW
2026-08-22 14:22:42,Camera_Entrance_01,Person_3,Low Confidence Mask,0.49,MEDIUM
2026-08-22 14:22:42,Camera_Entrance_01,Person_7,Face & Credentials Masked,0.77,LOW
2026-08-22 14:22:42,Camera_Entrance_01,Person_6,Face & Credentials Masked,0.61,LOW
2026-08-22 14:22:42,Camera_Entrance_01,Person_5,Low Confidence Mask,0.46,MEDIUM
2026-08-22 14:22:42,Camera_Entrance_01,Person_8,Face & Credentials Masked,0.75,LOW
2026-08-22 14:22:42,Camera_Entrance_01,Person_3,Low Confidence Mask,0.56,MEDIUM
2026-08-22 14:22:42,Camera_Entrance_01,Person_7,Face & Credentials Masked,0.75,LOW
2026-08-22 14:22:42,Camera_Entrance_01,Person_6,Face & Credentials Masked,0.61,LOW
2026-08-22 14:22:42,Camera_Entrance_01,Person_5,Low Confidence Mask,0.52,MEDIUM
2026-08-22 14:22:42,Camera_Entrance_01,Person_8,Face & Credentials Masked,0.8,LOW
2026-08-22 14:22:42,Camera_Entrance_01,Person_3,Low Confidence Mask,0.52,MEDIUM
2026-08-22 14:22:42,Camera_Entrance_01,Person_7,Face & Credentials Masked,0.74,LOW
2026-08-22 14:22:42,Camera_Entrance_01,Person_6,Face & Credentials Masked,0.64,LOW
2026-08-22 14:22:42,Camera_Entrance_01,Person_5,Low Confidence Mask,0.49,MEDIUM
2026-08-22 14:22:42,Camera_Entrance_01,Person_8,Face & Credentials Masked,0.66,LOW
2026-08-22 14:22:42,Camera_Entrance_01,Person_3,Low Confidence Mask,0.49,MEDIUM
2026-08-22 14:22:42,Camera_Entrance_01,Person_7,Face & Credentials Masked,0.74,LOW
2026-08-22 14:22:42,Camera_Entrance_01,Person_10,Low Confidence Mask,0.41,MEDIUM
2026-08-22 14:22:42,Camera_Entrance_01,Person_6,Face & Credentials Masked,0.6,LOW
2026-08-22 14:22:42,Camera_Entrance_01,Person_5,Low Confidence Mask,0.42,MEDIUM
2026-08-22 14:22:42,Camera_Entrance_01,Person_8,Face & Credentials Masked,0.76,LOW
2026-08-22 14:22:42,Camera_Entrance_01,Person_3,Low Confidence Mask,0.41,MEDIUM
2026-08-22 14:22:42,Camera_Entrance_01,Person_7,Face & Credentials Masked,0.72,LOW
2026-08-22 14:22:42,Camera_Entrance_01,Person_10,Face & Credentials Masked,0.62,LOW
2026-08-22 14:22:42,Camera_Entrance_01,Person_6,Low Confidence Mask,0.56,MEDIUM
2026-08-22 14:22:42,Camera_Entrance_01,Person_5,Low Confidence Mask,0.47,MEDIUM
2026-08-22 14:22:42,Camera_Entrance_01,Person_8,Face & Credentials Masked,0.78,LOW
2026-08-22 14:22:42,Camera_Entrance_01,Person_3,Low Confidence Mask,0.55,MEDIUM
2026-08-22 14:22:42,Camera_Entrance_01,Person_7,Face & Credentials Masked,0.69,LOW
2026-08-22 14:22:42,Camera_Entrance_01,Person_10,Face & Credentials Masked,0.66,LOW
2026-08-22 14:22:42,Camera_Entrance_01,Person_6,Low Confidence Mask,0.51,MEDIUM
2026-08-22 14:22:42,Camera_Entrance_01,Person_5,Face & Credentials Masked,0.64,LOW
2026-08-22 14:22:42,Camera_Entrance_01,Person_8,Face & Credentials Masked,0.83,LOW
2026-08-22 14:22:42,Camera_Entrance_01,Person_3,Low Confidence Mask,0.53,MEDIUM
2026-08-22 14:22:42,Camera_Entrance_01,Person_7,Face & Credentials Masked,0.71,LOW
2026-08-22 14:22:42,Camera_Entrance_01,Person_10,Low Confidence Mask,0.46,MEDIUM
2026-08-22 14:22:43,Camera_Entrance_01,Person_6,Low Confidence Mask,0.47,MEDIUM
2026-08-22 14:22:43,Camera_Entrance_01,Person_5,Low Confidence Mask,0.58,MEDIUM
2026-08-22 14:22:43,Camera_Entrance_01,Person_8,Face & Credentials Masked,0.83,LOW
2026-08-22 14:22:43,Camera_Entrance_01,Person_3,Low Confidence Mask,0.54,MEDIUM
2026-08-22 14:22:43,Camera_Entrance_01,Person_7,Face & Credentials Masked,0.72,LOW
2026-08-22 14:22:43,Camera_Entrance_01,Person_6,Low Confidence Mask,0.41,MEDIUM
2026-08-22 14:22:43,Camera_Entrance_01,Person_5,Face & Credentials Masked,0.67,LOW
2026-08-22 14:22:43,Camera_Entrance_01,Person_8,Face & Credentials Masked,0.82,LOW
2026-08-22 14:22:43,Camera_Entrance_01,Person_3,Low Confidence Mask,0.56,MEDIUM
2026-08-22 14:22:43,Camera_Entrance_01,Person_7,Face & Credentials Masked,0.74,LOW
2026-08-22 14:22:43,Camera_Entrance_01,Person_6,Low Confidence Mask,0.4,MEDIUM
2026-08-22 14:22:43,Camera_Entrance_01,Person_5,Low Confidence Mask,0.58,MEDIUM
2026-08-22 14:22:43,Camera_Entrance_01,Person_8,Face & Credentials Masked,0.83,LOW
2026-08-22 14:22:43,Camera_Entrance_01,Person_3,Low Confidence Mask,0.54,MEDIUM
2026-08-22 14:22:43,Camera_Entrance_01,Person_7,Face & Credentials Masked,0.72,LOW
2026-08-22 14:22:43,Camera_Entrance_01,Person_6,Low Confidence Mask,0.49,MEDIUM
2026-08-22 14:22:43,Camera_Entrance_01,Person_5,Face & Credentials Masked,0.61,LOW
2026-08-22 14:22:43,Camera_Entrance_01,Person_8,Face & Credentials Masked,0.83,LOW
2026-08-22 14:22:43,Camera_Entrance_01,Person_3,Low Confidence Mask,0.58,MEDIUM
2026-08-22 14:22:43,Camera_Entrance_01,Person_7,Face & Credentials Masked,0.75,LOW
2026-08-22 14:22:43,Camera_Entrance_01,Person_6,Low Confidence Mask,0.48,MEDIUM
2026-08-22 14:22:43,Camera_Entrance_01,Person_5,Low Confidence Mask,0.56,MEDIUM
2026-08-22 14:22:43,Camera_Entrance_01,Person_8,Face & Credentials Masked,0.82,LOW
2026-08-22 14:22:43,Camera_Entrance_01,Person_3,Low Confidence Mask,0.54,MEDIUM
2026-08-22 14:22:43,Camera_Entrance_01,Person_7,Face & Credentials Masked,0.73,LOW
2026-08-22 14:22:43,Camera_Entrance_01,Person_6,Low Confidence Mask,0.37,MEDIUM
2026-08-22 14:22:43,Camera_Entrance_01,Person_5,Low Confidence Mask,0.46,MEDIUM
2026-08-22 14:22:43,Camera_Entrance_01,Person_8,Face & Credentials Masked,0.8,LOW
2026-08-22 14:22:43,Camera_Entrance_01,Person_3,Low Confidence Mask,0.58,MEDIUM
2026-08-22 14:22:43,Camera_Entrance_01,Person_7,Face & Credentials Masked,0.7,LOW
2026-08-22 14:22:43,Camera_Entrance_01,Person_6,Low Confidence Mask,0.42,MEDIUM
2026-08-22 14:22:43,Camera_Entrance_01,Person_5,Low Confidence Mask,0.49,MEDIUM
2026-08-22 14:22:43,Camera_Entrance_01,Person_8,Face & Credentials Masked,0.78,LOW
2026-08-22 14:22:43,Camera_Entrance_01,Person_3,Low Confidence Mask,0.52,MEDIUM
2026-08-22 14:22:44,Camera_Entrance_01,Person_7,Face & Credentials Masked,0.69,LOW
2026-08-22 14:22:44,Camera_Entrance_01,Person_6,Low Confidence Mask,0.35,MEDIUM
2026-08-22 14:22:44,Camera_Entrance_01,Person_5,Low Confidence Mask,0.5,MEDIUM
2026-08-22 14:22:44,Camera_Entrance_01,Person_8,Face & Credentials Masked,0.73,LOW
2026-08-22 14:22:44,Camera_Entrance_01,Person_3,Low Confidence Mask,0.53,MEDIUM
2026-08-22 14:22:44,Camera_Entrance_01,Person_7,Face & Credentials Masked,0.67,LOW
2026-08-22 14:22:44,Camera_Entrance_01,Person_6,Low Confidence Mask,0.41,MEDIUM
2026-08-22 14:22:44,Camera_Entrance_01,Person_5,Low Confidence Mask,0.46,MEDIUM
2026-08-22 14:22:44,Camera_Entrance_01,Person_8,Face & Credentials Masked,0.67,LOW
2026-08-22 14:22:44,Camera_Entrance_01,Person_3,Low Confidence Mask,0.37,MEDIUM
2026-08-22 14:22:44,Camera_Entrance_01,Person_7,Face & Credentials Masked,0.67,LOW
2026-08-22 14:22:44,Camera_Entrance_01,Person_6,Low Confidence Mask,0.36,MEDIUM
2026-08-22 14:22:44,Camera_Entrance_01,Person_5,Low Confidence Mask,0.47,MEDIUM
2026-08-22 14:22:44,Camera_Entrance_01,Person_8,Face & Credentials Masked,0.74,LOW
2026-08-22 14:22:44,Camera_Entrance_01,Person_3,Low Confidence Mask,0.46,MEDIUM
2026-08-22 14:22:44,Camera_Entrance_01,Person_7,Face & Credentials Masked,0.67,LOW
2026-08-22 14:22:44,Camera_Entrance_01,Person_6,Low Confidence Mask,0.35,MEDIUM
2026-08-22 14:22:44,Camera_Entrance_01,Person_5,Low Confidence Mask,0.44,MEDIUM
2026-08-22 14:22:44,Camera_Entrance_01,Person_8,Face & Credentials Masked,0.76,LOW
2026-08-22 14:22:44,Camera_Entrance_01,Person_3,Low Confidence Mask,0.33,MEDIUM
2026-08-22 14:22:44,Camera_Entrance_01,Person_7,Face & Credentials Masked,0.62,LOW
2026-08-22 14:22:44,Camera_Entrance_01,Person_6,Low Confidence Mask,0.36,MEDIUM
2026-08-22 14:22:44,Camera_Entrance_01,Person_5,Low Confidence Mask,0.49,MEDIUM
2026-08-22 14:22:44,Camera_Entrance_01,Person_8,Face & Credentials Masked,0.78,LOW
2026-08-22 14:22:44,Camera_Entrance_01,Person_3,Low Confidence Mask,0.27,MEDIUM
2026-08-22 14:22:44,Camera_Entrance_01,Person_7,Low Confidence Mask,0.59,MEDIUM
2026-08-22 14:22:44,Camera_Entrance_01,Person_6,Low Confidence Mask,0.36,MEDIUM
2026-08-22 14:22:44,Camera_Entrance_01,Person_5,Low Confidence Mask,0.36,MEDIUM
2026-08-22 14:22:44,Camera_Entrance_01,Person_8,Face & Credentials Masked,0.75,LOW
2026-08-22 14:22:44,Camera_Entrance_01,Person_3,Low Confidence Mask,0.36,MEDIUM
2026-08-22 14:22:44,Camera_Entrance_01,Person_7,Low Confidence Mask,0.48,MEDIUM
2026-08-22 14:22:44,Camera_Entrance_01,Person_6,Low Confidence Mask,0.36,MEDIUM
2026-08-22 14:22:44,Camera_Entrance_01,Person_5,Low Confidence Mask,0.56,MEDIUM
2026-08-22 14:22:44,Camera_Entrance_01,Person_8,Face & Credentials Masked,0.81,LOW
2026-08-22 14:22:44,Camera_Entrance_01,Person_3,Low Confidence Mask,0.33,MEDIUM
2026-08-22 14:22:44,Camera_Entrance_01,Person_7,Low Confidence Mask,0.41,MEDIUM
2026-08-22 14:22:45,Camera_Entrance_01,Person_6,Low Confidence Mask,0.31,MEDIUM
2026-08-22 14:22:45,Camera_Entrance_01,Person_5,Low Confidence Mask,0.56,MEDIUM
2026-08-22 14:22:45,Camera_Entrance_01,Person_8,Face & Credentials Masked,0.82,LOW
2026-08-22 14:22:45,Camera_Entrance_01,Person_3,Low Confidence Mask,0.27,MEDIUM
2026-08-22 14:22:45,Camera_Entrance_01,Person_7,Low Confidence Mask,0.34,MEDIUM
2026-08-22 14:22:45,Camera_Entrance_01,Person_6,Low Confidence Mask,0.35,MEDIUM
2026-08-22 14:22:45,Camera_Entrance_01,Person_5,Low Confidence Mask,0.57,MEDIUM
2026-08-22 14:22:45,Camera_Entrance_01,Person_8,Face & Credentials Masked,0.83,LOW
2026-08-22 14:22:45,Camera_Entrance_01,Person_6,Low Confidence Mask,0.4,MEDIUM
2026-08-22 14:22:45,Camera_Entrance_01,Person_5,Face & Credentials Masked,0.65,LOW
2026-08-22 14:22:45,Camera_Entrance_01,Person_8,Face & Credentials Masked,0.85,LOW
2026-08-22 14:22:45,Camera_Entrance_01,Person_3,Face & Credentials Masked,0.62,LOW
2026-08-22 14:22:45,Camera_Entrance_01,Person_7,Low Confidence Mask,0.25,MEDIUM
2026-08-22 14:22:45,Camera_Entrance_01,Person_6,Low Confidence Mask,0.48,MEDIUM
2026-08-22 14:22:45,Camera_Entrance_01,Person_5,Face & Credentials Masked,0.63,LOW
2026-08-22 14:22:45,Camera_Entrance_01,Person_8,Face & Credentials Masked,0.8,LOW
2026-08-22 14:22:45,Camera_Entrance_01,Person_11,Face & Credentials Masked,0.79,LOW
2026-08-22 14:22:45,Camera_Entrance_01,Person_3,Face & Credentials Masked,0.67,LOW
2026-08-22 14:22:45,Camera_Entrance_01,Person_6,Low Confidence Mask,0.56,MEDIUM
2026-08-22 14:22:45,Camera_Entrance_01,Person_5,Face & Credentials Masked,0.67,LOW
2026-08-22 14:22:45,Camera_Entrance_01,Person_8,Face & Credentials Masked,0.77,LOW
2026-08-22 14:22:45,Camera_Entrance_01,Person_11,Face & Credentials Masked,0.8,LOW
2026-08-22 14:22:45,Camera_Entrance_01,Person_3,Face & Credentials Masked,0.69,LOW
2026-08-22 14:22:45,Camera_Entrance_01,Person_6,Low Confidence Mask,0.4,MEDIUM
2026-08-22 14:22:45,Camera_Entrance_01,Person_5,Face & Credentials Masked,0.7,LOW
2026-08-22 14:22:45,Camera_Entrance_01,Person_8,Face & Credentials Masked,0.71,LOW
2026-08-22 14:22:45,Camera_Entrance_01,Person_11,Face & Credentials Masked,0.82,LOW
2026-08-22 14:22:45,Camera_Entrance_01,Person_3,Face & Credentials Masked,0.66,LOW
2026-08-22 14:22:46,Camera_Entrance_01,Person_6,Low Confidence Mask,0.44,MEDIUM
2026-08-22 14:22:46,Camera_Entrance_01,Person_5,Face & Credentials Masked,0.69,LOW
2026-08-22 14:22:46,Camera_Entrance_01,Person_8,Low Confidence Mask,0.42,MEDIUM
2026-08-22 14:22:46,Camera_Entrance_01,Person_11,Face & Credentials Masked,0.84,LOW
2026-08-22 14:22:46,Camera_Entrance_01,Person_3,Face & Credentials Masked,0.68,LOW
2026-08-22 14:22:46,Camera_Entrance_01,Person_6,Low Confidence Mask,0.56,MEDIUM
2026-08-22 14:22:46,Camera_Entrance_01,Person_5,Face & Credentials Masked,0.62,LOW
2026-08-22 14:22:46,Camera_Entrance_01,Person_8,Low Confidence Mask,0.56,MEDIUM
2026-08-22 14:22:46,Camera_Entrance_01,Person_11,Face & Credentials Masked,0.85,LOW
2026-08-22 14:22:46,Camera_Entrance_01,Person_3,Face & Credentials Masked,0.63,LOW
2026-08-22 14:22:46,Camera_Entrance_01,Person_6,Low Confidence Mask,0.54,MEDIUM
2026-08-22 14:22:46,Camera_Entrance_01,Person_5,Low Confidence Mask,0.59,MEDIUM
2026-08-22 14:22:46,Camera_Entrance_01,Person_8,Low Confidence Mask,0.54,MEDIUM
2026-08-22 14:22:46,Camera_Entrance_01,Person_11,Face & Credentials Masked,0.8,LOW
2026-08-22 14:22:46,Camera_Entrance_01,Person_3,Face & Credentials Masked,0.69,LOW
2026-08-22 14:22:46,Camera_Entrance_01,Person_6,Low Confidence Mask,0.47,MEDIUM
2026-08-22 14:22:46,Camera_Entrance_01,Person_5,Low Confidence Mask,0.59,MEDIUM
2026-08-22 14:22:46,Camera_Entrance_01,Person_8,Low Confidence Mask,0.45,MEDIUM
2026-08-22 14:22:46,Camera_Entrance_01,Person_11,Face & Credentials Masked,0.75,LOW
2026-08-22 14:22:46,Camera_Entrance_01,Person_3,Face & Credentials Masked,0.71,LOW
2026-08-22 14:22:46,Camera_Entrance_01,Person_6,Low Confidence Mask,0.49,MEDIUM
2026-08-22 14:22:46,Camera_Entrance_01,Person_5,Low Confidence Mask,0.54,MEDIUM
2026-08-22 14:22:46,Camera_Entrance_01,Person_8,Low Confidence Mask,0.59,MEDIUM
2026-08-22 14:22:46,Camera_Entrance_01,Person_11,Face & Credentials Masked,0.71,LOW
2026-08-22 14:22:46,Camera_Entrance_01,Person_3,Face & Credentials Masked,0.75,LOW
2026-08-22 14:22:46,Camera_Entrance_01,Person_6,Low Confidence Mask,0.56,MEDIUM
2026-08-22 14:22:46,Camera_Entrance_01,Person_5,Low Confidence Mask,0.54,MEDIUM
2026-08-22 14:22:46,Camera_Entrance_01,Person_8,Face & Credentials Masked,0.62,LOW
2026-08-22 14:22:46,Camera_Entrance_01,Person_11,Low Confidence Mask,0.36,MEDIUM
2026-08-22 14:22:46,Camera_Entrance_01,Person_3,Face & Credentials Masked,0.74,LOW
2026-08-22 14:22:46,Camera_Entrance_01,Person_6,Low Confidence Mask,0.57,MEDIUM
2026-08-22 14:22:46,Camera_Entrance_01,Person_5,Low Confidence Mask,0.52,MEDIUM
2026-08-22 14:22:46,Camera_Entrance_01,Person_8,Face & Credentials Masked,0.77,LOW
2026-08-22 14:22:46,Camera_Entrance_01,Person_11,Face & Credentials Masked,0.68,LOW
2026-08-22 14:22:46,Camera_Entrance_01,Person_3,Face & Credentials Masked,0.73,LOW
2026-08-22 14:22:47,Camera_Entrance_01,Person_6,Low Confidence Mask,0.57,MEDIUM
2026-08-22 14:22:47,Camera_Entrance_01,Person_5,Low Confidence Mask,0.4,MEDIUM
2026-08-22 14:22:47,Camera_Entrance_01,Person_8,Face & Credentials Masked,0.7,LOW
2026-08-22 14:22:47,Camera_Entrance_01,Person_11,Face & Credentials Masked,0.67,LOW
2026-08-22 14:22:47,Camera_Entrance_01,Person_3,Face & Credentials Masked,0.72,LOW
2026-08-22 14:22:47,Camera_Entrance_01,Person_6,Low Confidence Mask,0.58,MEDIUM
2026-08-22 14:22:47,Camera_Entrance_01,Person_5,Low Confidence Mask,0.31,MEDIUM
2026-08-22 14:22:47,Camera_Entrance_01,Person_8,Face & Credentials Masked,0.77,LOW
2026-08-22 14:22:47,Camera_Entrance_01,Person_11,Low Confidence Mask,0.46,MEDIUM
2026-08-22 14:22:47,Camera_Entrance_01,Person_3,Face & Credentials Masked,0.7,LOW
2026-08-22 14:22:47,Camera_Entrance_01,Person_6,Face & Credentials Masked,0.65,LOW
2026-08-22 14:22:47,Camera_Entrance_01,Person_8,Face & Credentials Masked,0.81,LOW
2026-08-22 14:22:47,Camera_Entrance_01,Person_11,Face & Credentials Masked,0.65,LOW
2026-08-22 14:22:47,Camera_Entrance_01,Person_3,Face & Credentials Masked,0.69,LOW
2026-08-22 14:22:47,Camera_Entrance_01,Person_6,Face & Credentials Masked,0.62,LOW
2026-08-22 14:22:47,Camera_Entrance_01,Person_8,Face & Credentials Masked,0.79,LOW
2026-08-22 14:22:47,Camera_Entrance_01,Person_11,Face & Credentials Masked,0.71,LOW
2026-08-22 14:22:47,Camera_Entrance_01,Person_3,Low Confidence Mask,0.56,MEDIUM
2026-08-22 14:22:47,Camera_Entrance_01,Person_6,Face & Credentials Masked,0.6,LOW
2026-08-22 14:22:47,Camera_Entrance_01,Person_8,Face & Credentials Masked,0.65,LOW
2026-08-22 14:22:47,Camera_Entrance_01,Person_11,Face & Credentials Masked,0.66,LOW
2026-08-22 14:22:47,Camera_Entrance_01,Person_3,Face & Credentials Masked,0.6,LOW
2026-08-22 14:22:47,Camera_Entrance_01,Person_6,Low Confidence Mask,0.58,MEDIUM
2026-08-22 14:22:47,Camera_Entrance_01,Person_8,Face & Credentials Masked,0.69,LOW
2026-08-22 14:22:47,Camera_Entrance_01,Person_11,Face & Credentials Masked,0.66,LOW
2026-08-22 14:22:47,Camera_Entrance_01,Person_3,Low Confidence Mask,0.57,MEDIUM
2026-08-22 14:22:47,Camera_Entrance_01,Person_6,Low Confidence Mask,0.58,MEDIUM
2026-08-22 14:22:47,Camera_Entrance_01,Person_8,Face & Credentials Masked,0.75,LOW
2026-08-22 14:22:47,Camera_Entrance_01,Person_11,Face & Credentials Masked,0.74,LOW
2026-08-22 14:22:47,Camera_Entrance_01,Person_3,Low Confidence Mask,0.51,MEDIUM
2026-08-22 14:22:47,Camera_Entrance_01,Person_6,Low Confidence Mask,0.5,MEDIUM
2026-08-22 14:22:47,Camera_Entrance_01,Person_8,Face & Credentials Masked,0.76,LOW
2026-08-22 14:22:47,Camera_Entrance_01,Person_11,Face & Credentials Masked,0.72,LOW
2026-08-22 14:22:47,Camera_Entrance_01,Person_3,Low Confidence Mask,0.53,MEDIUM
2026-08-22 14:22:47,Camera_Entrance_01,Person_12,Face & Credentials Masked,0.75,LOW
2026-08-22 14:22:48,Camera_Entrance_01,Person_6,Low Confidence Mask,0.5,MEDIUM
2026-08-22 14:22:48,Camera_Entrance_01,Person_8,Face & Credentials Masked,0.64,LOW
2026-08-22 14:22:48,Camera_Entrance_01,Person_11,Face & Credentials Masked,0.71,LOW
2026-08-22 14:22:48,Camera_Entrance_01,Person_3,Low Confidence Mask,0.4,MEDIUM
2026-08-22 14:22:48,Camera_Entrance_01,Person_12,Face & Credentials Masked,0.72,LOW
2026-08-22 14:22:48,Camera_Entrance_01,Person_6,Low Confidence Mask,0.46,MEDIUM
2026-08-22 14:22:48,Camera_Entrance_01,Person_8,Low Confidence Mask,0.45,MEDIUM
2026-08-22 14:22:48,Camera_Entrance_01,Person_11,Face & Credentials Masked,0.62,LOW
2026-08-22 14:22:48,Camera_Entrance_01,Person_3,Low Confidence Mask,0.46,MEDIUM
2026-08-22 14:22:48,Camera_Entrance_01,Person_12,Face & Credentials Masked,0.69,LOW
2026-08-22 14:22:48,Camera_Entrance_01,Person_6,Low Confidence Mask,0.52,MEDIUM
2026-08-22 14:22:48,Camera_Entrance_01,Person_8,Face & Credentials Masked,0.73,LOW
2026-08-22 14:22:48,Camera_Entrance_01,Person_11,Low Confidence Mask,0.52,MEDIUM
2026-08-22 14:22:48,Camera_Entrance_01,Person_3,Low Confidence Mask,0.51,MEDIUM
2026-08-22 14:22:48,Camera_Entrance_01,Person_12,Face & Credentials Masked,0.66,LOW
2026-08-22 14:22:48,Camera_Entrance_01,Person_6,Low Confidence Mask,0.58,MEDIUM
2026-08-22 14:22:48,Camera_Entrance_01,Person_8,Face & Credentials Masked,0.72,LOW
2026-08-22 14:22:48,Camera_Entrance_01,Person_11,Low Confidence Mask,0.57,MEDIUM
2026-08-22 14:22:48,Camera_Entrance_01,Person_3,Low Confidence Mask,0.57,MEDIUM
2026-08-22 14:22:48,Camera_Entrance_01,Person_12,Face & Credentials Masked,0.6,LOW
2026-08-22 14:22:48,Camera_Entrance_01,Person_5,Face & Credentials Masked,0.64,LOW
2026-08-22 14:22:49,Camera_Entrance_01,Person_6,Face & Credentials Masked,0.62,LOW
2026-08-22 14:22:49,Camera_Entrance_01,Person_8,Face & Credentials Masked,0.73,LOW
2026-08-22 14:22:49,Camera_Entrance_01,Person_11,Face & Credentials Masked,0.67,LOW
2026-08-22 14:22:49,Camera_Entrance_01,Person_3,Low Confidence Mask,0.46,MEDIUM
2026-08-22 14:22:49,Camera_Entrance_01,Person_12,Face & Credentials Masked,0.64,LOW
2026-08-22 14:22:49,Camera_Entrance_01,Person_13,Face & Credentials Masked,0.8,LOW
2026-08-22 14:22:49,Camera_Entrance_01,Person_5,Face & Credentials Masked,0.66,LOW
2026-08-22 14:22:49,Camera_Entrance_01,Person_6,Low Confidence Mask,0.59,MEDIUM
2026-08-22 14:22:49,Camera_Entrance_01,Person_8,Face & Credentials Masked,0.65,LOW
2026-08-22 14:22:49,Camera_Entrance_01,Person_11,Face & Credentials Masked,0.62,LOW
2026-08-22 14:22:49,Camera_Entrance_01,Person_3,Low Confidence Mask,0.36,MEDIUM
2026-08-22 14:22:49,Camera_Entrance_01,Person_12,Face & Credentials Masked,0.62,LOW
2026-08-22 14:22:49,Camera_Entrance_01,Person_13,Face & Credentials Masked,0.83,LOW
2026-08-22 14:22:49,Camera_Entrance_01,Person_5,Face & Credentials Masked,0.66,LOW
2026-08-22 14:22:49,Camera_Entrance_01,Person_6,Face & Credentials Masked,0.6,LOW
2026-08-22 14:22:49,Camera_Entrance_01,Person_8,Face & Credentials Masked,0.76,LOW
2026-08-22 14:22:49,Camera_Entrance_01,Person_11,Face & Credentials Masked,0.62,LOW
2026-08-22 14:22:49,Camera_Entrance_01,Person_3,Low Confidence Mask,0.38,MEDIUM
2026-08-22 14:22:49,Camera_Entrance_01,Person_12,Face & Credentials Masked,0.66,LOW
2026-08-22 14:22:49,Camera_Entrance_01,Person_13,Face & Credentials Masked,0.75,LOW
2026-08-22 14:22:49,Camera_Entrance_01,Person_5,Face & Credentials Masked,0.68,LOW
2026-08-22 14:22:49,Camera_Entrance_01,Person_6,Low Confidence Mask,0.59,MEDIUM
2026-08-22 14:22:49,Camera_Entrance_01,Person_8,Face & Credentials Masked,0.77,LOW
2026-08-22 14:22:49,Camera_Entrance_01,Person_11,Face & Credentials Masked,0.68,LOW
2026-08-22 14:22:49,Camera_Entrance_01,Person_3,Low Confidence Mask,0.36,MEDIUM
2026-08-22 14:22:49,Camera_Entrance_01,Person_12,Face & Credentials Masked,0.61,LOW
2026-08-22 14:22:49,Camera_Entrance_01,Person_13,Face & Credentials Masked,0.76,LOW
2026-08-22 14:22:49,Camera_Entrance_01,Person_5,Face & Credentials Masked,0.71,LOW
2026-08-22 14:22:49,Camera_Entrance_01,Person_6,Face & Credentials Masked,0.65,LOW
2026-08-22 14:22:49,Camera_Entrance_01,Person_8,Face & Credentials Masked,0.78,LOW
2026-08-22 14:22:49,Camera_Entrance_01,Person_11,Face & Credentials Masked,0.73,LOW
2026-08-22 14:22:49,Camera_Entrance_01,Person_3,Low Confidence Mask,0.31,MEDIUM
2026-08-22 14:22:49,Camera_Entrance_01,Person_12,Face & Credentials Masked,0.63,LOW
2026-08-22 14:22:49,Camera_Entrance_01,Person_13,Face & Credentials Masked,0.77,LOW
2026-08-22 14:22:49,Camera_Entrance_01,Person_5,Face & Credentials Masked,0.75,LOW
2026-08-22 14:22:49,Camera_Entrance_01,Person_6,Face & Credentials Masked,0.68,LOW
2026-08-22 14:22:50,Camera_Entrance_01,Person_8,Face & Credentials Masked,0.8,LOW
2026-08-22 14:22:50,Camera_Entrance_01,Person_11,Face & Credentials Masked,0.75,LOW
2026-08-22 14:22:50,Camera_Entrance_01,Person_3,Low Confidence Mask,0.39,MEDIUM
2026-08-22 14:22:50,Camera_Entrance_01,Person_12,Face & Credentials Masked,0.71,LOW
2026-08-22 14:22:50,Camera_Entrance_01,Person_13,Face & Credentials Masked,0.79,LOW
2026-08-22 14:22:50,Camera_Entrance_01,Person_5,Face & Credentials Masked,0.7,LOW
2026-08-22 14:22:50,Camera_Entrance_01,Person_6,Face & Credentials Masked,0.68,LOW
2026-08-22 14:22:50,Camera_Entrance_01,Person_8,Face & Credentials Masked,0.81,LOW
2026-08-22 14:22:50,Camera_Entrance_01,Person_11,Face & Credentials Masked,0.81,LOW
2026-08-22 14:22:50,Camera_Entrance_01,Person_3,Low Confidence Mask,0.34,MEDIUM
2026-08-22 14:22:50,Camera_Entrance_01,Person_12,Face & Credentials Masked,0.71,LOW
2026-08-22 14:22:50,Camera_Entrance_01,Person_13,Face & Credentials Masked,0.85,LOW
2026-08-22 14:22:50,Camera_Entrance_01,Person_5,Face & Credentials Masked,0.69,LOW
2026-08-22 14:22:50,Camera_Entrance_01,Person_6,Low Confidence Mask,0.59,MEDIUM
2026-08-22 14:22:50,Camera_Entrance_01,Person_8,Face & Credentials Masked,0.8,LOW
2026-08-22 14:22:50,Camera_Entrance_01,Person_11,Face & Credentials Masked,0.81,LOW
2026-08-22 14:22:50,Camera_Entrance_01,Person_3,Low Confidence Mask,0.4,MEDIUM
2026-08-22 14:22:50,Camera_Entrance_01,Person_12,Face & Credentials Masked,0.72,LOW
2026-08-22 14:22:50,Camera_Entrance_01,Person_13,Face & Credentials Masked,0.87,LOW
2026-08-22 14:22:50,Camera_Entrance_01,Person_5,Face & Credentials Masked,0.66,LOW
2026-08-22 14:22:50,Camera_Entrance_01,Person_6,Face & Credentials Masked,0.61,LOW
2026-08-22 14:22:50,Camera_Entrance_01,Person_8,Face & Credentials Masked,0.8,LOW
2026-08-22 14:22:50,Camera_Entrance_01,Person_11,Face & Credentials Masked,0.75,LOW
2026-08-22 14:22:50,Camera_Entrance_01,Person_3,Low Confidence Mask,0.4,MEDIUM
2026-08-22 14:22:50,Camera_Entrance_01,Person_12,Face & Credentials Masked,0.72,LOW
2026-08-22 14:22:50,Camera_Entrance_01,Person_13,Face & Credentials Masked,0.88,LOW
2026-08-22 14:22:50,Camera_Entrance_01,Person_5,Face & Credentials Masked,0.7,LOW
2026-08-22 14:22:50,Camera_Entrance_01,Person_6,Face & Credentials Masked,0.63,LOW
2026-08-22 14:22:50,Camera_Entrance_01,Person_8,Face & Credentials Masked,0.79,LOW
2026-08-22 14:22:50,Camera_Entrance_01,Person_11,Face & Credentials Masked,0.73,LOW
2026-08-22 14:22:50,Camera_Entrance_01,Person_3,Low Confidence Mask,0.4,MEDIUM
2026-08-22 14:22:50,Camera_Entrance_01,Person_12,Face & Credentials Masked,0.64,LOW
2026-08-22 14:22:50,Camera_Entrance_01,Person_13,Face & Credentials Masked,0.89,LOW
2026-08-22 14:22:50,Camera_Entrance_01,Person_5,Face & Credentials Masked,0.64,LOW
2026-08-22 14:22:50,Camera_Entrance_01,Person_6,Face & Credentials Masked,0.63,LOW
2026-08-22 14:22:50,Camera_Entrance_01,Person_8,Face & Credentials Masked,0.75,LOW
2026-08-22 14:22:50,Camera_Entrance_01,Person_11,Face & Credentials Masked,0.71,LOW
2026-08-22 14:22:50,Camera_Entrance_01,Person_3,Low Confidence Mask,0.39,MEDIUM
2026-08-22 14:22:50,Camera_Entrance_01,Person_12,Face & Credentials Masked,0.68,LOW
2026-08-22 14:22:50,Camera_Entrance_01,Person_13,Face & Credentials Masked,0.89,LOW
2026-08-22 14:22:50,Camera_Entrance_01,Person_5,Face & Credentials Masked,0.62,LOW
2026-08-22 14:22:51,Camera_Entrance_01,Person_6,Face & Credentials Masked,0.69,LOW
2026-08-22 14:22:51,Camera_Entrance_01,Person_8,Face & Credentials Masked,0.71,LOW
2026-08-22 14:22:51,Camera_Entrance_01,Person_11,Face & Credentials Masked,0.72,LOW
2026-08-22 14:22:51,Camera_Entrance_01,Person_3,Low Confidence Mask,0.39,MEDIUM
2026-08-22 14:22:51,Camera_Entrance_01,Person_12,Face & Credentials Masked,0.69,LOW
2026-08-22 14:22:51,Camera_Entrance_01,Person_13,Face & Credentials Masked,0.89,LOW
2026-08-22 14:22:51,Camera_Entrance_01,Person_5,Face & Credentials Masked,0.65,LOW
2026-08-22 14:22:51,Camera_Entrance_01,Person_6,Face & Credentials Masked,0.68,LOW
2026-08-22 14:22:51,Camera_Entrance_01,Person_8,Face & Credentials Masked,0.71,LOW
2026-08-22 14:22:51,Camera_Entrance_01,Person_11,Face & Credentials Masked,0.69,LOW
2026-08-22 14:22:51,Camera_Entrance_01,Person_3,Low Confidence Mask,0.43,MEDIUM
2026-08-22 14:22:51,Camera_Entrance_01,Person_12,Face & Credentials Masked,0.71,LOW
2026-08-22 14:22:51,Camera_Entrance_01,Person_13,Face & Credentials Masked,0.89,LOW
2026-08-22 14:22:51,Camera_Entrance_01,Person_5,Low Confidence Mask,0.53,MEDIUM
2026-08-22 14:22:51,Camera_Entrance_01,Person_6,Face & Credentials Masked,0.68,LOW
2026-08-22 14:22:51,Camera_Entrance_01,Person_8,Face & Credentials Masked,0.71,LOW
2026-08-22 14:22:51,Camera_Entrance_01,Person_11,Face & Credentials Masked,0.69,LOW
2026-08-22 14:22:51,Camera_Entrance_01,Person_3,Low Confidence Mask,0.45,MEDIUM
2026-08-22 14:22:51,Camera_Entrance_01,Person_12,Face & Credentials Masked,0.72,LOW
2026-08-22 14:22:51,Camera_Entrance_01,Person_13,Face & Credentials Masked,0.86,LOW
2026-08-22 14:22:51,Camera_Entrance_01,Person_5,Low Confidence Mask,0.58,MEDIUM
2026-08-22 14:22:51,Camera_Entrance_01,Person_6,Face & Credentials Masked,0.62,LOW
2026-08-22 14:22:51,Camera_Entrance_01,Person_8,Face & Credentials Masked,0.74,LOW
2026-08-22 14:22:51,Camera_Entrance_01,Person_11,Face & Credentials Masked,0.67,LOW
2026-08-22 14:22:51,Camera_Entrance_01,Person_3,Low Confidence Mask,0.43,MEDIUM
2026-08-22 14:22:51,Camera_Entrance_01,Person_12,Face & Credentials Masked,0.75,LOW
2026-08-22 14:22:51,Camera_Entrance_01,Person_13,Face & Credentials Masked,0.82,LOW
2026-08-22 14:22:51,Camera_Entrance_01,Person_5,Low Confidence Mask,0.56,MEDIUM
2026-08-22 14:22:51,Camera_Entrance_01,Person_6,Low Confidence Mask,0.49,MEDIUM
2026-08-22 14:22:51,Camera_Entrance_01,Person_8,Face & Credentials Masked,0.69,LOW
2026-08-22 14:22:51,Camera_Entrance_01,Person_11,Face & Credentials Masked,0.64,LOW
2026-08-22 14:22:51,Camera_Entrance_01,Person_3,Low Confidence Mask,0.4,MEDIUM
2026-08-22 14:22:51,Camera_Entrance_01,Person_12,Face & Credentials Masked,0.75,LOW
2026-08-22 14:22:51,Camera_Entrance_01,Person_13,Face & Credentials Masked,0.73,LOW
2026-08-22 14:22:51,Camera_Entrance_01,Person_5,Low Confidence Mask,0.58,MEDIUM
2026-08-22 14:22:52,Camera_Entrance_01,Person_6,Low Confidence Mask,0.52,MEDIUM
2026-08-22 14:22:52,Camera_Entrance_01,Person_8,Face & Credentials Masked,0.73,LOW
2026-08-22 14:22:52,Camera_Entrance_01,Person_11,Face & Credentials Masked,0.67,LOW
2026-08-22 14:22:52,Camera_Entrance_01,Person_3,Low Confidence Mask,0.42,MEDIUM
2026-08-22 14:22:52,Camera_Entrance_01,Person_12,Face & Credentials Masked,0.72,LOW
2026-08-22 14:22:52,Camera_Entrance_01,Person_13,Face & Credentials Masked,0.77,LOW
2026-08-22 14:22:52,Camera_Entrance_01,Person_5,Low Confidence Mask,0.48,MEDIUM
2026-08-22 14:22:52,Camera_Entrance_01,Person_6,Low Confidence Mask,0.45,MEDIUM
2026-08-22 14:22:52,Camera_Entrance_01,Person_8,Face & Credentials Masked,0.74,LOW
2026-08-22 14:22:52,Camera_Entrance_01,Person_11,Face & Credentials Masked,0.71,LOW
2026-08-22 14:22:52,Camera_Entrance_01,Person_3,Low Confidence Mask,0.41,MEDIUM
2026-08-22 14:22:52,Camera_Entrance_01,Person_12,Face & Credentials Masked,0.71,LOW
2026-08-22 14:22:52,Camera_Entrance_01,Person_13,Face & Credentials Masked,0.76,LOW
2026-08-22 14:22:52,Camera_Entrance_01,Person_5,Low Confidence Mask,0.43,MEDIUM
2026-08-22 14:22:52,Camera_Entrance_01,Person_6,Low Confidence Mask,0.47,MEDIUM
2026-08-22 14:22:52,Camera_Entrance_01,Person_8,Face & Credentials Masked,0.77,LOW
2026-08-22 14:22:52,Camera_Entrance_01,Person_11,Face & Credentials Masked,0.75,LOW
2026-08-22 14:22:52,Camera_Entrance_01,Person_3,Low Confidence Mask,0.35,MEDIUM
2026-08-22 14:22:52,Camera_Entrance_01,Person_12,Face & Credentials Masked,0.71,LOW
2026-08-22 14:22:52,Camera_Entrance_01,Person_13,Face & Credentials Masked,0.8,LOW
2026-08-22 14:22:52,Camera_Entrance_01,Person_5,Low Confidence Mask,0.26,MEDIUM
2026-08-22 14:22:52,Camera_Entrance_01,Person_6,Low Confidence Mask,0.38,MEDIUM
2026-08-22 14:22:52,Camera_Entrance_01,Person_8,Face & Credentials Masked,0.77,LOW
2026-08-22 14:22:52,Camera_Entrance_01,Person_11,Face & Credentials Masked,0.73,LOW
2026-08-22 14:22:52,Camera_Entrance_01,Person_3,Low Confidence Mask,0.37,MEDIUM
2026-08-22 14:22:52,Camera_Entrance_01,Person_12,Face & Credentials Masked,0.71,LOW
2026-08-22 14:22:52,Camera_Entrance_01,Person_13,Face & Credentials Masked,0.84,LOW
2026-08-22 14:22:52,Camera_Entrance_01,Person_6,Low Confidence Mask,0.38,MEDIUM
2026-08-22 14:22:52,Camera_Entrance_01,Person_8,Face & Credentials Masked,0.76,LOW
2026-08-22 14:22:52,Camera_Entrance_01,Person_11,Face & Credentials Masked,0.74,LOW
2026-08-22 14:22:52,Camera_Entrance_01,Person_3,Low Confidence Mask,0.42,MEDIUM
2026-08-22 14:22:52,Camera_Entrance_01,Person_12,Face & Credentials Masked,0.68,LOW
2026-08-22 14:22:52,Camera_Entrance_01,Person_13,Face & Credentials Masked,0.88,LOW
2026-08-22 14:22:52,Camera_Entrance_01,Person_6,Low Confidence Mask,0.48,MEDIUM
2026-08-22 14:22:52,Camera_Entrance_01,Person_8,Face & Credentials Masked,0.78,LOW
2026-08-22 14:22:52,Camera_Entrance_01,Person_11,Face & Credentials Masked,0.77,LOW
2026-08-22 14:22:52,Camera_Entrance_01,Person_3,Low Confidence Mask,0.41,MEDIUM
2026-08-22 14:22:52,Camera_Entrance_01,Person_12,Face & Credentials Masked,0.74,LOW
2026-08-22 14:22:52,Camera_Entrance_01,Person_13,Face & Credentials Masked,0.89,LOW
2026-08-22 14:22:53,Camera_Entrance_01,Person_6,Low Confidence Mask,0.57,MEDIUM
2026-08-22 14:22:53,Camera_Entrance_01,Person_8,Face & Credentials Masked,0.76,LOW
2026-08-22 14:22:53,Camera_Entrance_01,Person_11,Face & Credentials Masked,0.77,LOW
2026-08-22 14:22:53,Camera_Entrance_01,Person_3,Low Confidence Mask,0.45,MEDIUM
2026-08-22 14:22:53,Camera_Entrance_01,Person_12,Face & Credentials Masked,0.74,LOW
2026-08-22 14:22:53,Camera_Entrance_01,Person_13,Face & Credentials Masked,0.87,LOW
2026-08-22 14:22:53,Camera_Entrance_01,Person_6,Face & Credentials Masked,0.61,LOW
2026-08-22 14:22:53,Camera_Entrance_01,Person_8,Face & Credentials Masked,0.76,LOW
2026-08-22 14:22:53,Camera_Entrance_01,Person_11,Face & Credentials Masked,0.76,LOW
2026-08-22 14:22:53,Camera_Entrance_01,Person_3,Low Confidence Mask,0.42,MEDIUM
2026-08-22 14:22:53,Camera_Entrance_01,Person_12,Face & Credentials Masked,0.73,LOW
2026-08-22 14:22:53,Camera_Entrance_01,Person_13,Face & Credentials Masked,0.87,LOW
2026-08-22 14:22:53,Camera_Entrance_01,Person_6,Low Confidence Mask,0.59,MEDIUM
2026-08-22 14:22:53,Camera_Entrance_01,Person_8,Face & Credentials Masked,0.79,LOW
2026-08-22 14:22:53,Camera_Entrance_01,Person_11,Face & Credentials Masked,0.69,LOW
2026-08-22 14:22:53,Camera_Entrance_01,Person_3,Low Confidence Mask,0.5,MEDIUM
2026-08-22 14:22:53,Camera_Entrance_01,Person_12,Face & Credentials Masked,0.68,LOW
2026-08-22 14:22:53,Camera_Entrance_01,Person_13,Face & Credentials Masked,0.88,LOW
2026-08-22 14:22:53,Camera_Entrance_01,Person_6,Face & Credentials Masked,0.64,LOW
2026-08-22 14:22:53,Camera_Entrance_01,Person_8,Face & Credentials Masked,0.8,LOW
2026-08-22 14:22:53,Camera_Entrance_01,Person_11,Face & Credentials Masked,0.73,LOW
2026-08-22 14:22:53,Camera_Entrance_01,Person_3,Face & Credentials Masked,0.61,LOW
2026-08-22 14:22:53,Camera_Entrance_01,Person_12,Face & Credentials Masked,0.62,LOW
2026-08-22 14:22:53,Camera_Entrance_01,Person_13,Face & Credentials Masked,0.88,LOW
2026-08-22 14:22:53,Camera_Entrance_01,Person_6,Face & Credentials Masked,0.65,LOW
2026-08-22 14:22:53,Camera_Entrance_01,Person_8,Face & Credentials Masked,0.76,LOW
2026-08-22 14:22:53,Camera_Entrance_01,Person_11,Face & Credentials Masked,0.71,LOW
2026-08-22 14:22:53,Camera_Entrance_01,Person_3,Face & Credentials Masked,0.65,LOW
2026-08-22 14:22:53,Camera_Entrance_01,Person_12,Face & Credentials Masked,0.64,LOW
2026-08-22 14:22:53,Camera_Entrance_01,Person_13,Face & Credentials Masked,0.84,LOW
2026-08-22 14:22:53,Camera_Entrance_01,Person_6,Face & Credentials Masked,0.66,LOW
2026-08-22 14:22:53,Camera_Entrance_01,Person_8,Face & Credentials Masked,0.74,LOW
2026-08-22 14:22:53,Camera_Entrance_01,Person_11,Face & Credentials Masked,0.71,LOW
2026-08-22 14:22:53,Camera_Entrance_01,Person_3,Face & Credentials Masked,0.64,LOW
2026-08-22 14:22:53,Camera_Entrance_01,Person_12,Face & Credentials Masked,0.64,LOW
2026-08-22 14:22:53,Camera_Entrance_01,Person_13,Face & Credentials Masked,0.82,LOW
2026-08-22 14:22:54,Camera_Entrance_01,Person_6,Low Confidence Mask,0.59,MEDIUM
2026-08-22 14:22:54,Camera_Entrance_01,Person_8,Face & Credentials Masked,0.75,LOW
2026-08-22 14:22:54,Camera_Entrance_01,Person_11,Face & Credentials Masked,0.75,LOW
2026-08-22 14:22:54,Camera_Entrance_01,Person_3,Face & Credentials Masked,0.69,LOW
2026-08-22 14:22:54,Camera_Entrance_01,Person_12,Face & Credentials Masked,0.66,LOW
2026-08-22 14:22:54,Camera_Entrance_01,Person_13,Face & Credentials Masked,0.75,LOW
2026-08-22 14:22:54,Camera_Entrance_01,Person_6,Face & Credentials Masked,0.6,LOW
2026-08-22 14:22:54,Camera_Entrance_01,Person_8,Face & Credentials Masked,0.75,LOW
2026-08-22 14:22:54,Camera_Entrance_01,Person_11,Face & Credentials Masked,0.7,LOW
2026-08-22 14:22:54,Camera_Entrance_01,Person_3,Face & Credentials Masked,0.68,LOW
2026-08-22 14:22:54,Camera_Entrance_01,Person_12,Face & Credentials Masked,0.64,LOW
2026-08-22 14:22:54,Camera_Entrance_01,Person_13,Face & Credentials Masked,0.64,LOW
2026-08-22 14:22:54,Camera_Entrance_01,Person_6,Low Confidence Mask,0.59,MEDIUM
2026-08-22 14:22:54,Camera_Entrance_01,Person_8,Face & Credentials Masked,0.74,LOW
2026-08-22 14:22:54,Camera_Entrance_01,Person_11,Face & Credentials Masked,0.65,LOW
2026-08-22 14:22:54,Camera_Entrance_01,Person_3,Face & Credentials Masked,0.64,LOW
2026-08-22 14:22:54,Camera_Entrance_01,Person_12,Face & Credentials Masked,0.61,LOW
2026-08-22 14:22:54,Camera_Entrance_01,Person_13,Low Confidence Mask,0.35,MEDIUM
2026-08-22 14:22:54,Camera_Entrance_01,Person_6,Low Confidence Mask,0.59,MEDIUM
2026-08-22 14:22:54,Camera_Entrance_01,Person_8,Face & Credentials Masked,0.73,LOW
2026-08-22 14:22:54,Camera_Entrance_01,Person_11,Low Confidence Mask,0.53,MEDIUM
2026-08-22 14:22:54,Camera_Entrance_01,Person_3,Face & Credentials Masked,0.66,LOW
2026-08-22 14:22:54,Camera_Entrance_01,Person_12,Face & Credentials Masked,0.62,LOW
2026-08-22 14:22:54,Camera_Entrance_01,Person_13,Low Confidence Mask,0.29,MEDIUM
2026-08-22 14:22:54,Camera_Entrance_01,Person_6,Low Confidence Mask,0.55,MEDIUM
2026-08-22 14:22:54,Camera_Entrance_01,Person_8,Face & Credentials Masked,0.69,LOW
2026-08-22 14:22:54,Camera_Entrance_01,Person_11,Low Confidence Mask,0.46,MEDIUM
2026-08-22 14:22:54,Camera_Entrance_01,Person_3,Low Confidence Mask,0.57,MEDIUM
2026-08-22 14:22:54,Camera_Entrance_01,Person_12,Face & Credentials Masked,0.61,LOW
2026-08-22 14:22:54,Camera_Entrance_01,Person_13,Low Confidence Mask,0.27,MEDIUM
2026-08-22 14:22:54,Camera_Entrance_01,Person_6,Face & Credentials Masked,0.6,LOW
2026-08-22 14:22:54,Camera_Entrance_01,Person_8,Face & Credentials Masked,0.67,LOW
2026-08-22 14:22:54,Camera_Entrance_01,Person_11,Low Confidence Mask,0.34,MEDIUM
2026-08-22 14:22:54,Camera_Entrance_01,Person_3,Low Confidence Mask,0.55,MEDIUM
2026-08-22 14:22:54,Camera_Entrance_01,Person_12,Low Confidence Mask,0.48,MEDIUM
2026-08-22 14:22:54,Camera_Entrance_01,Person_6,Face & Credentials Masked,0.66,LOW
2026-08-22 14:22:54,Camera_Entrance_01,Person_8,Low Confidence Mask,0.56,MEDIUM
2026-08-22 14:22:54,Camera_Entrance_01,Person_11,Low Confidence Mask,0.49,MEDIUM
2026-08-22 14:22:54,Camera_Entrance_01,Person_3,Low Confidence Mask,0.59,MEDIUM
2026-08-22 14:22:54,Camera_Entrance_01,Person_12,Face & Credentials Masked,0.6,LOW
2026-08-22 14:22:55,Camera_Entrance_01,Person_6,Face & Credentials Masked,0.67,LOW
2026-08-22 14:22:55,Camera_Entrance_01,Person_8,Low Confidence Mask,0.58,MEDIUM
2026-08-22 14:22:55,Camera_Entrance_01,Person_11,Low Confidence Mask,0.41,MEDIUM
2026-08-22 14:22:55,Camera_Entrance_01,Person_3,Low Confidence Mask,0.58,MEDIUM
2026-08-22 14:22:55,Camera_Entrance_01,Person_12,Face & Credentials Masked,0.7,LOW
2026-08-22 14:22:55,Camera_Entrance_01,Person_6,Face & Credentials Masked,0.69,LOW
2026-08-22 14:22:55,Camera_Entrance_01,Person_8,Low Confidence Mask,0.5,MEDIUM
2026-08-22 14:22:55,Camera_Entrance_01,Person_11,Low Confidence Mask,0.43,MEDIUM
2026-08-22 14:22:55,Camera_Entrance_01,Person_3,Low Confidence Mask,0.57,MEDIUM
2026-08-22 14:22:55,Camera_Entrance_01,Person_12,Face & Credentials Masked,0.66,LOW
2026-08-22 14:22:55,Camera_Entrance_01,Person_6,Face & Credentials Masked,0.69,LOW
2026-08-22 14:22:55,Camera_Entrance_01,Person_8,Low Confidence Mask,0.52,MEDIUM
2026-08-22 14:22:55,Camera_Entrance_01,Person_11,Low Confidence Mask,0.41,MEDIUM
2026-08-22 14:22:55,Camera_Entrance_01,Person_3,Low Confidence Mask,0.59,MEDIUM
2026-08-22 14:22:55,Camera_Entrance_01,Person_12,Low Confidence Mask,0.51,MEDIUM
2026-08-22 14:22:55,Camera_Entrance_01,Person_6,Face & Credentials Masked,0.69,LOW
2026-08-22 14:22:55,Camera_Entrance_01,Person_8,Low Confidence Mask,0.47,MEDIUM
2026-08-22 14:22:55,Camera_Entrance_01,Person_11,Low Confidence Mask,0.34,MEDIUM
2026-08-22 14:22:55,Camera_Entrance_01,Person_3,Low Confidence Mask,0.57,MEDIUM
2026-08-22 14:22:55,Camera_Entrance_01,Person_12,Low Confidence Mask,0.54,MEDIUM
2026-08-22 14:22:55,Camera_Entrance_01,Person_6,Face & Credentials Masked,0.65,LOW
2026-08-22 14:22:55,Camera_Entrance_01,Person_8,Low Confidence Mask,0.33,MEDIUM
2026-08-22 14:22:55,Camera_Entrance_01,Person_11,Low Confidence Mask,0.37,MEDIUM
2026-08-22 14:22:55,Camera_Entrance_01,Person_3,Face & Credentials Masked,0.6,LOW
2026-08-22 14:22:55,Camera_Entrance_01,Person_12,Low Confidence Mask,0.55,MEDIUM
2026-08-22 14:22:55,Camera_Entrance_01,Person_6,Face & Credentials Masked,0.65,LOW
2026-08-22 14:22:55,Camera_Entrance_01,Person_8,Low Confidence Mask,0.42,MEDIUM
2026-08-22 14:22:55,Camera_Entrance_01,Person_3,Face & Credentials Masked,0.65,LOW
2026-08-22 14:22:55,Camera_Entrance_01,Person_12,Face & Credentials Masked,0.67,LOW
2026-08-22 14:22:55,Camera_Entrance_01,Person_6,Face & Credentials Masked,0.66,LOW
2026-08-22 14:22:55,Camera_Entrance_01,Person_8,Low Confidence Mask,0.48,MEDIUM
2026-08-22 14:22:55,Camera_Entrance_01,Person_3,Face & Credentials Masked,0.64,LOW
2026-08-22 14:22:55,Camera_Entrance_01,Person_12,Face & Credentials Masked,0.79,LOW
2026-08-22 14:22:56,Camera_Entrance_01,Person_6,Face & Credentials Masked,0.67,LOW
2026-08-22 14:22:56,Camera_Entrance_01,Person_8,Face & Credentials Masked,0.61,LOW
2026-08-22 14:22:56,Camera_Entrance_01,Person_3,Face & Credentials Masked,0.63,LOW
2026-08-22 14:22:56,Camera_Entrance_01,Person_12,Face & Credentials Masked,0.84,LOW
2026-08-22 14:22:56,Camera_Entrance_01,Person_6,Face & Credentials Masked,0.64,LOW
2026-08-22 14:22:56,Camera_Entrance_01,Person_8,Face & Credentials Masked,0.63,LOW
2026-08-22 14:22:56,Camera_Entrance_01,Person_3,Face & Credentials Masked,0.62,LOW
2026-08-22 14:22:56,Camera_Entrance_01,Person_12,Face & Credentials Masked,0.77,LOW
2026-08-22 14:22:56,Camera_Entrance_01,Person_14,Face & Credentials Masked,0.65,LOW
2026-08-22 14:22:56,Camera_Entrance_01,Person_6,Face & Credentials Masked,0.63,LOW
2026-08-22 14:22:56,Camera_Entrance_01,Person_8,Face & Credentials Masked,0.69,LOW
2026-08-22 14:22:56,Camera_Entrance_01,Person_3,Low Confidence Mask,0.58,MEDIUM
2026-08-22 14:22:56,Camera_Entrance_01,Person_12,Face & Credentials Masked,0.76,LOW
2026-08-22 14:22:56,Camera_Entrance_01,Person_14,Face & Credentials Masked,0.65,LOW
2026-08-22 14:22:56,Camera_Entrance_01,Person_6,Face & Credentials Masked,0.6,LOW
2026-08-22 14:22:56,Camera_Entrance_01,Person_8,Face & Credentials Masked,0.65,LOW
2026-08-22 14:22:56,Camera_Entrance_01,Person_3,Low Confidence Mask,0.56,MEDIUM
2026-08-22 14:22:56,Camera_Entrance_01,Person_12,Face & Credentials Masked,0.75,LOW
2026-08-22 14:22:56,Camera_Entrance_01,Person_14,Face & Credentials Masked,0.63,LOW
2026-08-22 14:22:56,Camera_Entrance_01,Person_6,Low Confidence Mask,0.59,MEDIUM
2026-08-22 14:22:56,Camera_Entrance_01,Person_8,Face & Credentials Masked,0.68,LOW
2026-08-22 14:22:56,Camera_Entrance_01,Person_3,Low Confidence Mask,0.58,MEDIUM
2026-08-22 14:22:56,Camera_Entrance_01,Person_12,Face & Credentials Masked,0.74,LOW
2026-08-22 14:22:56,Camera_Entrance_01,Person_14,Face & Credentials Masked,0.74,LOW
2026-08-22 14:22:56,Camera_Entrance_01,Person_6,Low Confidence Mask,0.59,MEDIUM
2026-08-22 14:22:56,Camera_Entrance_01,Person_8,Face & Credentials Masked,0.67,LOW
2026-08-22 14:22:56,Camera_Entrance_01,Person_3,Face & Credentials Masked,0.63,LOW
2026-08-22 14:22:56,Camera_Entrance_01,Person_12,Face & Credentials Masked,0.66,LOW
2026-08-22 14:22:56,Camera_Entrance_01,Person_14,Face & Credentials Masked,0.72,LOW
2026-08-22 14:22:57,Camera_Entrance_01,Person_6,Low Confidence Mask,0.46,MEDIUM
2026-08-22 14:22:57,Camera_Entrance_01,Person_8,Face & Credentials Masked,0.72,LOW
2026-08-22 14:22:57,Camera_Entrance_01,Person_3,Face & Credentials Masked,0.67,LOW
2026-08-22 14:22:57,Camera_Entrance_01,Person_12,Face & Credentials Masked,0.76,LOW
2026-08-22 14:22:57,Camera_Entrance_01,Person_14,Face & Credentials Masked,0.75,LOW
2026-08-22 14:22:57,Camera_Entrance_01,Person_15,Face & Credentials Masked,0.9,LOW
2026-08-22 14:22:57,Camera_Entrance_01,Person_6,Low Confidence Mask,0.39,MEDIUM
2026-08-22 14:22:57,Camera_Entrance_01,Person_8,Face & Credentials Masked,0.68,LOW
2026-08-22 14:22:57,Camera_Entrance_01,Person_3,Face & Credentials Masked,0.65,LOW
2026-08-22 14:22:57,Camera_Entrance_01,Person_12,Face & Credentials Masked,0.77,LOW
2026-08-22 14:22:57,Camera_Entrance_01,Person_14,Face & Credentials Masked,0.69,LOW
2026-08-22 14:22:57,Camera_Entrance_01,Person_15,Face & Credentials Masked,0.89,LOW
2026-08-22 14:22:57,Camera_Entrance_01,Person_6,Low Confidence Mask,0.3,MEDIUM
2026-08-22 14:22:57,Camera_Entrance_01,Person_8,Face & Credentials Masked,0.67,LOW
2026-08-22 14:22:57,Camera_Entrance_01,Person_3,Face & Credentials Masked,0.69,LOW
2026-08-22 14:22:57,Camera_Entrance_01,Person_12,Face & Credentials Masked,0.77,LOW
2026-08-22 14:22:57,Camera_Entrance_01,Person_14,Face & Credentials Masked,0.6,LOW
2026-08-22 14:22:57,Camera_Entrance_01,Person_15,Face & Credentials Masked,0.9,LOW
2026-08-22 14:22:57,Camera_Entrance_01,Person_8,Face & Credentials Masked,0.63,LOW
2026-08-22 14:22:57,Camera_Entrance_01,Person_3,Face & Credentials Masked,0.67,LOW
2026-08-22 14:22:57,Camera_Entrance_01,Person_12,Face & Credentials Masked,0.78,LOW
2026-08-22 14:22:57,Camera_Entrance_01,Person_14,Low Confidence Mask,0.39,MEDIUM
2026-08-22 14:22:57,Camera_Entrance_01,Person_15,Face & Credentials Masked,0.87,LOW
2026-08-22 14:22:57,Camera_Entrance_01,Person_8,Low Confidence Mask,0.59,MEDIUM
2026-08-22 14:22:57,Camera_Entrance_01,Person_3,Face & Credentials Masked,0.64,LOW
2026-08-22 14:22:57,Camera_Entrance_01,Person_12,Face & Credentials Masked,0.75,LOW
2026-08-22 14:22:57,Camera_Entrance_01,Person_14,Low Confidence Mask,0.34,MEDIUM
2026-08-22 14:22:57,Camera_Entrance_01,Person_15,Face & Credentials Masked,0.87,LOW
2026-08-22 14:22:57,Camera_Entrance_01,Person_6,Low Confidence Mask,0.3,MEDIUM
2026-08-22 14:22:57,Camera_Entrance_01,Person_8,Face & Credentials Masked,0.62,LOW
2026-08-22 14:22:57,Camera_Entrance_01,Person_3,Face & Credentials Masked,0.66,LOW
2026-08-22 14:22:57,Camera_Entrance_01,Person_12,Face & Credentials Masked,0.61,LOW
2026-08-22 14:22:57,Camera_Entrance_01,Person_15,Face & Credentials Masked,0.86,LOW
2026-08-22 14:22:57,Camera_Entrance_01,Person_6,Low Confidence Mask,0.41,MEDIUM
2026-08-22 14:22:57,Camera_Entrance_01,Person_8,Face & Credentials Masked,0.67,LOW
2026-08-22 14:22:57,Camera_Entrance_01,Person_3,Face & Credentials Masked,0.7,LOW
2026-08-22 14:22:57,Camera_Entrance_01,Person_12,Low Confidence Mask,0.52,MEDIUM
2026-08-22 14:22:57,Camera_Entrance_01,Person_15,Face & Credentials Masked,0.84,LOW
2026-08-22 14:22:57,Camera_Entrance_01,Person_6,Low Confidence Mask,0.37,MEDIUM
2026-08-22 14:22:58,Camera_Entrance_01,Person_8,Face & Credentials Masked,0.72,LOW
2026-08-22 14:22:58,Camera_Entrance_01,Person_3,Face & Credentials Masked,0.7,LOW
2026-08-22 14:22:58,Camera_Entrance_01,Person_12,Low Confidence Mask,0.59,MEDIUM
2026-08-22 14:22:58,Camera_Entrance_01,Person_15,Face & Credentials Masked,0.84,LOW
2026-08-22 14:22:58,Camera_Entrance_01,Person_16,Face & Credentials Masked,0.71,LOW
2026-08-22 14:22:58,Camera_Entrance_01,Person_8,Face & Credentials Masked,0.73,LOW
2026-08-22 14:22:58,Camera_Entrance_01,Person_3,Face & Credentials Masked,0.71,LOW
2026-08-22 14:22:58,Camera_Entrance_01,Person_12,Low Confidence Mask,0.52,MEDIUM
2026-08-22 14:22:58,Camera_Entrance_01,Person_15,Face & Credentials Masked,0.87,LOW
2026-08-22 14:22:58,Camera_Entrance_01,Person_16,Low Confidence Mask,0.52,MEDIUM
2026-08-22 14:22:58,Camera_Entrance_01,Person_8,Face & Credentials Masked,0.71,LOW
2026-08-22 14:22:58,Camera_Entrance_01,Person_3,Face & Credentials Masked,0.64,LOW
2026-08-22 14:22:58,Camera_Entrance_01,Person_12,Low Confidence Mask,0.46,MEDIUM
2026-08-22 14:22:58,Camera_Entrance_01,Person_15,Face & Credentials Masked,0.86,LOW
2026-08-22 14:22:58,Camera_Entrance_01,Person_16,Low Confidence Mask,0.36,MEDIUM
2026-08-22 14:22:58,Camera_Entrance_01,Person_8,Face & Credentials Masked,0.71,LOW
2026-08-22 14:22:58,Camera_Entrance_01,Person_3,Face & Credentials Masked,0.62,LOW
2026-08-22 14:22:58,Camera_Entrance_01,Person_12,Low Confidence Mask,0.35,MEDIUM
2026-08-22 14:22:58,Camera_Entrance_01,Person_15,Face & Credentials Masked,0.87,LOW
2026-08-22 14:22:58,Camera_Entrance_01,Person_8,Face & Credentials Masked,0.66,LOW
2026-08-22 14:22:58,Camera_Entrance_01,Person_3,Face & Credentials Masked,0.62,LOW
2026-08-22 14:22:58,Camera_Entrance_01,Person_12,Low Confidence Mask,0.38,MEDIUM
2026-08-22 14:22:58,Camera_Entrance_01,Person_15,Face & Credentials Masked,0.85,LOW
2026-08-22 14:22:58,Camera_Entrance_01,Person_16,Low Confidence Mask,0.38,MEDIUM
2026-08-22 14:22:58,Camera_Entrance_01,Person_8,Face & Credentials Masked,0.68,LOW
2026-08-22 14:22:58,Camera_Entrance_01,Person_3,Face & Credentials Masked,0.68,LOW
2026-08-22 14:22:58,Camera_Entrance_01,Person_12,Low Confidence Mask,0.56,MEDIUM
2026-08-22 14:22:58,Camera_Entrance_01,Person_15,Face & Credentials Masked,0.85,LOW
2026-08-22 14:22:58,Camera_Entrance_01,Person_16,Low Confidence Mask,0.57,MEDIUM
2026-08-22 14:22:58,Camera_Entrance_01,Person_8,Face & Credentials Masked,0.66,LOW
2026-08-22 14:22:58,Camera_Entrance_01,Person_3,Face & Credentials Masked,0.66,LOW
2026-08-22 14:22:58,Camera_Entrance_01,Person_12,Low Confidence Mask,0.53,MEDIUM
2026-08-22 14:22:58,Camera_Entrance_01,Person_15,Face & Credentials Masked,0.83,LOW
2026-08-22 14:22:58,Camera_Entrance_01,Person_16,Low Confidence Mask,0.3,MEDIUM
2026-08-22 14:22:59,Camera_Entrance_01,Person_8,Face & Credentials Masked,0.65,LOW
2026-08-22 14:22:59,Camera_Entrance_01,Person_3,Face & Credentials Masked,0.67,LOW
2026-08-22 14:22:59,Camera_Entrance_01,Person_12,Low Confidence Mask,0.57,MEDIUM
2026-08-22 14:22:59,Camera_Entrance_01,Person_15,Face & Credentials Masked,0.78,LOW
2026-08-22 14:22:59,Camera_Entrance_01,Person_8,Face & Credentials Masked,0.6,LOW
2026-08-22 14:22:59,Camera_Entrance_01,Person_3,Face & Credentials Masked,0.67,LOW
2026-08-22 14:22:59,Camera_Entrance_01,Person_12,Low Confidence Mask,0.59,MEDIUM
2026-08-22 14:22:59,Camera_Entrance_01,Person_15,Face & Credentials Masked,0.77,LOW
2026-08-22 14:22:59,Camera_Entrance_01,Person_16,Low Confidence Mask,0.26,MEDIUM
2026-08-22 14:22:59,Camera_Entrance_01,Person_8,Low Confidence Mask,0.58,MEDIUM
2026-08-22 14:22:59,Camera_Entrance_01,Person_3,Face & Credentials Masked,0.67,LOW
2026-08-22 14:22:59,Camera_Entrance_01,Person_12,Face & Credentials Masked,0.66,LOW
2026-08-22 14:22:59,Camera_Entrance_01,Person_15,Face & Credentials Masked,0.85,LOW
2026-08-22 14:22:59,Camera_Entrance_01,Person_16,Face & Credentials Masked,0.65,LOW
2026-08-22 14:22:59,Camera_Entrance_01,Person_8,Face & Credentials Masked,0.66,LOW
2026-08-22 14:22:59,Camera_Entrance_01,Person_3,Face & Credentials Masked,0.66,LOW
2026-08-22 14:22:59,Camera_Entrance_01,Person_12,Face & Credentials Masked,0.63,LOW
2026-08-22 14:22:59,Camera_Entrance_01,Person_15,Face & Credentials Masked,0.85,LOW
2026-08-22 14:22:59,Camera_Entrance_01,Person_16,Face & Credentials Masked,0.7,LOW
2026-08-22 14:22:59,Camera_Entrance_01,Person_8,Low Confidence Mask,0.52,MEDIUM
2026-08-22 14:22:59,Camera_Entrance_01,Person_3,Face & Credentials Masked,0.64,LOW
2026-08-22 14:22:59,Camera_Entrance_01,Person_12,Face & Credentials Masked,0.62,LOW
2026-08-22 14:22:59,Camera_Entrance_01,Person_15,Face & Credentials Masked,0.85,LOW
2026-08-22 14:22:59,Camera_Entrance_01,Person_16,Face & Credentials Masked,0.68,LOW
2026-08-22 14:22:59,Camera_Entrance_01,Person_8,Low Confidence Mask,0.55,MEDIUM
2026-08-22 14:22:59,Camera_Entrance_01,Person_3,Face & Credentials Masked,0.63,LOW
2026-08-22 14:22:59,Camera_Entrance_01,Person_12,Low Confidence Mask,0.59,MEDIUM
2026-08-22 14:22:59,Camera_Entrance_01,Person_15,Face & Credentials Masked,0.88,LOW
2026-08-22 14:22:59,Camera_Entrance_01,Person_16,Face & Credentials Masked,0.75,LOW
2026-08-22 14:22:59,Camera_Entrance_01,Person_8,Low Confidence Mask,0.55,MEDIUM
2026-08-22 14:22:59,Camera_Entrance_01,Person_3,Face & Credentials Masked,0.65,LOW
2026-08-22 14:22:59,Camera_Entrance_01,Person_12,Low Confidence Mask,0.55,MEDIUM
2026-08-22 14:22:59,Camera_Entrance_01,Person_15,Face & Credentials Masked,0.83,LOW
2026-08-22 14:22:59,Camera_Entrance_01,Person_16,Face & Credentials Masked,0.66,LOW
2026-08-22 14:23:00,Camera_Entrance_01,Person_8,Low Confidence Mask,0.58,MEDIUM
2026-08-22 14:23:00,Camera_Entrance_01,Person_3,Face & Credentials Masked,0.6,LOW
2026-08-22 14:23:00,Camera_Entrance_01,Person_12,Low Confidence Mask,0.58,MEDIUM
2026-08-22 14:23:00,Camera_Entrance_01,Person_15,Face & Credentials Masked,0.83,LOW
2026-08-22 14:23:00,Camera_Entrance_01,Person_16,Face & Credentials Masked,0.66,LOW
2026-08-22 14:23:00,Camera_Entrance_01,Person_8,Face & Credentials Masked,0.6,LOW
2026-08-22 14:23:00,Camera_Entrance_01,Person_3,Face & Credentials Masked,0.63,LOW
2026-08-22 14:23:00,Camera_Entrance_01,Person_12,Low Confidence Mask,0.55,MEDIUM
2026-08-22 14:23:00,Camera_Entrance_01,Person_15,Face & Credentials Masked,0.84,LOW
2026-08-22 14:23:00,Camera_Entrance_01,Person_16,Face & Credentials Masked,0.62,LOW
2026-08-22 14:23:00,Camera_Entrance_01,Person_8,Face & Credentials Masked,0.62,LOW
2026-08-22 14:23:00,Camera_Entrance_01,Person_3,Face & Credentials Masked,0.65,LOW
2026-08-22 14:23:00,Camera_Entrance_01,Person_12,Low Confidence Mask,0.47,MEDIUM
2026-08-22 14:23:00,Camera_Entrance_01,Person_15,Face & Credentials Masked,0.79,LOW
2026-08-22 14:23:00,Camera_Entrance_01,Person_16,Face & Credentials Masked,0.61,LOW
2026-08-22 14:23:00,Camera_Entrance_01,Person_8,Face & Credentials Masked,0.63,LOW
2026-08-22 14:23:00,Camera_Entrance_01,Person_3,Face & Credentials Masked,0.63,LOW
2026-08-22 14:23:00,Camera_Entrance_01,Person_15,Face & Credentials Masked,0.77,LOW
2026-08-22 14:23:00,Camera_Entrance_01,Person_16,Face & Credentials Masked,0.65,LOW
2026-08-22 14:23:00,Camera_Entrance_01,Person_8,Face & Credentials Masked,0.68,LOW
2026-08-22 14:23:00,Camera_Entrance_01,Person_3,Face & Credentials Masked,0.65,LOW
2026-08-22 14:23:00,Camera_Entrance_01,Person_15,Face & Credentials Masked,0.79,LOW
2026-08-22 14:23:00,Camera_Entrance_01,Person_16,Face & Credentials Masked,0.68,LOW
2026-08-22 14:23:00,Camera_Entrance_01,Person_8,Face & Credentials Masked,0.7,LOW
2026-08-22 14:23:00,Camera_Entrance_01,Person_3,Face & Credentials Masked,0.65,LOW
2026-08-22 14:23:00,Camera_Entrance_01,Person_15,Face & Credentials Masked,0.82,LOW
2026-08-22 14:23:00,Camera_Entrance_01,Person_16,Face & Credentials Masked,0.67,LOW
2026-08-22 14:23:00,Camera_Entrance_01,Person_8,Face & Credentials Masked,0.63,LOW
2026-08-22 14:23:00,Camera_Entrance_01,Person_3,Low Confidence Mask,0.57,MEDIUM
2026-08-22 14:23:00,Camera_Entrance_01,Person_15,Face & Credentials Masked,0.87,LOW
2026-08-22 14:23:00,Camera_Entrance_01,Person_16,Face & Credentials Masked,0.78,LOW
2026-08-22 14:23:01,Camera_Entrance_01,Person_8,Low Confidence Mask,0.56,MEDIUM
2026-08-22 14:23:01,Camera_Entrance_01,Person_3,Low Confidence Mask,0.58,MEDIUM
2026-08-22 14:23:01,Camera_Entrance_01,Person_15,Face & Credentials Masked,0.88,LOW
2026-08-22 14:23:01,Camera_Entrance_01,Person_16,Face & Credentials Masked,0.74,LOW
2026-08-22 14:23:01,Camera_Entrance_01,Person_8,Low Confidence Mask,0.49,MEDIUM
2026-08-22 14:23:01,Camera_Entrance_01,Person_3,Face & Credentials Masked,0.62,LOW
2026-08-22 14:23:01,Camera_Entrance_01,Person_15,Face & Credentials Masked,0.88,LOW
2026-08-22 14:23:01,Camera_Entrance_01,Person_16,Face & Credentials Masked,0.7,LOW
2026-08-22 14:23:01,Camera_Entrance_01,Person_8,Low Confidence Mask,0.49,MEDIUM
2026-08-22 14:23:01,Camera_Entrance_01,Person_3,Face & Credentials Masked,0.62,LOW
2026-08-22 14:23:01,Camera_Entrance_01,Person_15,Face & Credentials Masked,0.87,LOW
2026-08-22 14:23:01,Camera_Entrance_01,Person_16,Face & Credentials Masked,0.77,LOW
2026-08-22 14:23:01,Camera_Entrance_01,Person_8,Low Confidence Mask,0.42,MEDIUM
2026-08-22 14:23:01,Camera_Entrance_01,Person_3,Face & Credentials Masked,0.63,LOW
2026-08-22 14:23:01,Camera_Entrance_01,Person_15,Face & Credentials Masked,0.86,LOW
2026-08-22 14:23:01,Camera_Entrance_01,Person_16,Face & Credentials Masked,0.76,LOW
2026-08-22 14:23:01,Camera_Entrance_01,Person_8,Low Confidence Mask,0.38,MEDIUM
2026-08-22 14:23:01,Camera_Entrance_01,Person_3,Face & Credentials Masked,0.6,LOW
2026-08-22 14:23:01,Camera_Entrance_01,Person_15,Face & Credentials Masked,0.85,LOW
2026-08-22 14:23:01,Camera_Entrance_01,Person_16,Face & Credentials Masked,0.78,LOW
2026-08-22 14:23:02,Camera_Entrance_01,Person_8,Low Confidence Mask,0.34,MEDIUM
2026-08-22 14:23:02,Camera_Entrance_01,Person_3,Face & Credentials Masked,0.65,LOW
2026-08-22 14:23:02,Camera_Entrance_01,Person_15,Face & Credentials Masked,0.83,LOW
2026-08-22 14:23:02,Camera_Entrance_01,Person_16,Face & Credentials Masked,0.8,LOW
2026-08-22 14:23:02,Camera_Entrance_01,Person_17,Face & Credentials Masked,0.68,LOW
2026-08-22 14:23:02,Camera_Entrance_01,Person_8,Low Confidence Mask,0.34,MEDIUM
2026-08-22 14:23:02,Camera_Entrance_01,Person_3,Face & Credentials Masked,0.62,LOW
2026-08-22 14:23:02,Camera_Entrance_01,Person_15,Face & Credentials Masked,0.83,LOW
2026-08-22 14:23:02,Camera_Entrance_01,Person_16,Face & Credentials Masked,0.73,LOW
2026-08-22 14:23:02,Camera_Entrance_01,Person_17,Face & Credentials Masked,0.67,LOW
2026-08-22 14:23:02,Camera_Entrance_01,Person_8,Low Confidence Mask,0.3,MEDIUM
2026-08-22 14:23:02,Camera_Entrance_01,Person_3,Face & Credentials Masked,0.61,LOW
2026-08-22 14:23:02,Camera_Entrance_01,Person_15,Face & Credentials Masked,0.84,LOW
2026-08-22 14:23:02,Camera_Entrance_01,Person_16,Face & Credentials Masked,0.71,LOW
2026-08-22 14:23:02,Camera_Entrance_01,Person_17,Face & Credentials Masked,0.69,LOW
2026-08-22 14:23:02,Camera_Entrance_01,Person_18,Face & Credentials Masked,0.61,LOW
2026-08-22 14:23:02,Camera_Entrance_01,Person_8,Low Confidence Mask,0.31,MEDIUM
2026-08-22 14:23:02,Camera_Entrance_01,Person_3,Low Confidence Mask,0.55,MEDIUM
2026-08-22 14:23:02,Camera_Entrance_01,Person_15,Face & Credentials Masked,0.87,LOW
2026-08-22 14:23:02,Camera_Entrance_01,Person_16,Face & Credentials Masked,0.71,LOW
2026-08-22 14:23:02,Camera_Entrance_01,Person_17,Face & Credentials Masked,0.77,LOW
2026-08-22 14:23:02,Camera_Entrance_01,Person_18,Face & Credentials Masked,0.64,LOW
2026-08-22 14:23:02,Camera_Entrance_01,Person_8,Low Confidence Mask,0.33,MEDIUM
2026-08-22 14:23:02,Camera_Entrance_01,Person_3,Low Confidence Mask,0.47,MEDIUM
2026-08-22 14:23:02,Camera_Entrance_01,Person_15,Face & Credentials Masked,0.86,LOW
2026-08-22 14:23:02,Camera_Entrance_01,Person_16,Face & Credentials Masked,0.72,LOW
2026-08-22 14:23:02,Camera_Entrance_01,Person_17,Face & Credentials Masked,0.76,LOW
2026-08-22 14:23:02,Camera_Entrance_01,Person_18,Low Confidence Mask,0.58,MEDIUM
2026-08-22 14:23:02,Camera_Entrance_01,Person_8,Low Confidence Mask,0.31,MEDIUM
2026-08-22 14:23:02,Camera_Entrance_01,Person_3,Low Confidence Mask,0.54,MEDIUM
2026-08-22 14:23:02,Camera_Entrance_01,Person_15,Face & Credentials Masked,0.84,LOW
2026-08-22 14:23:02,Camera_Entrance_01,Person_16,Face & Credentials Masked,0.71,LOW
2026-08-22 14:23:02,Camera_Entrance_01,Person_17,Face & Credentials Masked,0.76,LOW
2026-08-22 14:23:02,Camera_Entrance_01,Person_18,Face & Credentials Masked,0.64,LOW
2026-08-22 14:23:02,Camera_Entrance_01,Person_8,Low Confidence Mask,0.29,MEDIUM
2026-08-22 14:23:02,Camera_Entrance_01,Person_3,Low Confidence Mask,0.56,MEDIUM
2026-08-22 14:23:02,Camera_Entrance_01,Person_15,Face & Credentials Masked,0.86,LOW
2026-08-22 14:23:02,Camera_Entrance_01,Person_16,Face & Credentials Masked,0.6,LOW
2026-08-22 14:23:02,Camera_Entrance_01,Person_17,Face & Credentials Masked,0.77,LOW
2026-08-22 14:23:02,Camera_Entrance_01,Person_18,Low Confidence Mask,0.55,MEDIUM
2026-08-22 14:23:03,Camera_Entrance_01,Person_3,Face & Credentials Masked,0.61,LOW
2026-08-22 14:23:03,Camera_Entrance_01,Person_15,Face & Credentials Masked,0.85,LOW
2026-08-22 14:23:03,Camera_Entrance_01,Person_16,Face & Credentials Masked,0.63,LOW
2026-08-22 14:23:03,Camera_Entrance_01,Person_17,Face & Credentials Masked,0.78,LOW
2026-08-22 14:23:03,Camera_Entrance_01,Person_18,Low Confidence Mask,0.41,MEDIUM
2026-08-22 14:23:03,Camera_Entrance_01,Person_3,Face & Credentials Masked,0.64,LOW
2026-08-22 14:23:03,Camera_Entrance_01,Person_15,Face & Credentials Masked,0.84,LOW
2026-08-22 14:23:03,Camera_Entrance_01,Person_16,Face & Credentials Masked,0.83,LOW
2026-08-22 14:23:03,Camera_Entrance_01,Person_17,Face & Credentials Masked,0.77,LOW
2026-08-22 14:23:03,Camera_Entrance_01,Person_18,Face & Credentials Masked,0.61,LOW
2026-08-22 14:23:03,Camera_Entrance_01,Person_3,Face & Credentials Masked,0.61,LOW
2026-08-22 14:23:03,Camera_Entrance_01,Person_15,Face & Credentials Masked,0.84,LOW
2026-08-22 14:23:03,Camera_Entrance_01,Person_16,Face & Credentials Masked,0.85,LOW
2026-08-22 14:23:03,Camera_Entrance_01,Person_17,Face & Credentials Masked,0.7,LOW
2026-08-22 14:23:03,Camera_Entrance_01,Person_18,Face & Credentials Masked,0.74,LOW
2026-08-22 14:23:03,Camera_Entrance_01,Person_3,Face & Credentials Masked,0.64,LOW
2026-08-22 14:23:03,Camera_Entrance_01,Person_15,Face & Credentials Masked,0.81,LOW
2026-08-22 14:23:03,Camera_Entrance_01,Person_16,Face & Credentials Masked,0.83,LOW
2026-08-22 14:23:03,Camera_Entrance_01,Person_17,Face & Credentials Masked,0.67,LOW
2026-08-22 14:23:03,Camera_Entrance_01,Person_18,Face & Credentials Masked,0.79,LOW
2026-08-22 14:23:03,Camera_Entrance_01,Person_3,Face & Credentials Masked,0.62,LOW
2026-08-22 14:23:03,Camera_Entrance_01,Person_15,Face & Credentials Masked,0.8,LOW
2026-08-22 14:23:03,Camera_Entrance_01,Person_16,Face & Credentials Masked,0.86,LOW
2026-08-22 14:23:03,Camera_Entrance_01,Person_17,Face & Credentials Masked,0.65,LOW
2026-08-22 14:23:03,Camera_Entrance_01,Person_18,Face & Credentials Masked,0.75,LOW
2026-08-22 14:23:03,Camera_Entrance_01,Person_8,Low Confidence Mask,0.33,MEDIUM
2026-08-22 14:23:03,Camera_Entrance_01,Person_3,Face & Credentials Masked,0.65,LOW
2026-08-22 14:23:03,Camera_Entrance_01,Person_15,Face & Credentials Masked,0.8,LOW
2026-08-22 14:23:03,Camera_Entrance_01,Person_16,Face & Credentials Masked,0.87,LOW
2026-08-22 14:23:03,Camera_Entrance_01,Person_17,Low Confidence Mask,0.5,MEDIUM
2026-08-22 14:23:03,Camera_Entrance_01,Person_18,Face & Credentials Masked,0.77,LOW
2026-08-22 14:23:03,Camera_Entrance_01,Person_8,Low Confidence Mask,0.51,MEDIUM
2026-08-22 14:23:03,Camera_Entrance_01,Person_3,Face & Credentials Masked,0.62,LOW
2026-08-22 14:23:03,Camera_Entrance_01,Person_15,Face & Credentials Masked,0.61,LOW
2026-08-22 14:23:03,Camera_Entrance_01,Person_16,Face & Credentials Masked,0.86,LOW
2026-08-22 14:23:03,Camera_Entrance_01,Person_17,Low Confidence Mask,0.34,MEDIUM
2026-08-22 14:23:03,Camera_Entrance_01,Person_18,Face & Credentials Masked,0.76,LOW
2026-08-22 14:23:03,Camera_Entrance_01,Person_8,Low Confidence Mask,0.57,MEDIUM
2026-08-22 14:23:04,Camera_Entrance_01,Person_3,Low Confidence Mask,0.51,MEDIUM
2026-08-22 14:23:04,Camera_Entrance_01,Person_15,Face & Credentials Masked,0.7,LOW
2026-08-22 14:23:04,Camera_Entrance_01,Person_16,Face & Credentials Masked,0.83,LOW
2026-08-22 14:23:04,Camera_Entrance_01,Person_17,Low Confidence Mask,0.27,MEDIUM
2026-08-22 14:23:04,Camera_Entrance_01,Person_18,Face & Credentials Masked,0.75,LOW
2026-08-22 14:23:04,Camera_Entrance_01,Person_8,Face & Credentials Masked,0.61,LOW
2026-08-22 14:23:04,Camera_Entrance_01,Person_3,Low Confidence Mask,0.53,MEDIUM
2026-08-22 14:23:04,Camera_Entrance_01,Person_15,Face & Credentials Masked,0.74,LOW
2026-08-22 14:23:04,Camera_Entrance_01,Person_16,Face & Credentials Masked,0.8,LOW
2026-08-22 14:23:04,Camera_Entrance_01,Person_18,Face & Credentials Masked,0.74,LOW
2026-08-22 14:23:04,Camera_Entrance_01,Person_8,Face & Credentials Masked,0.66,LOW
2026-08-22 14:23:04,Camera_Entrance_01,Person_3,Low Confidence Mask,0.53,MEDIUM
2026-08-22 14:23:04,Camera_Entrance_01,Person_15,Face & Credentials Masked,0.82,LOW
2026-08-22 14:23:04,Camera_Entrance_01,Person_16,Face & Credentials Masked,0.8,LOW
2026-08-22 14:23:04,Camera_Entrance_01,Person_18,Face & Credentials Masked,0.71,LOW
2026-08-22 14:23:04,Camera_Entrance_01,Person_8,Face & Credentials Masked,0.7,LOW
2026-08-22 14:23:04,Camera_Entrance_01,Person_3,Low Confidence Mask,0.47,MEDIUM
2026-08-22 14:23:04,Camera_Entrance_01,Person_15,Face & Credentials Masked,0.86,LOW
2026-08-22 14:23:04,Camera_Entrance_01,Person_16,Face & Credentials Masked,0.81,LOW
2026-08-22 14:23:04,Camera_Entrance_01,Person_18,Face & Credentials Masked,0.71,LOW
2026-08-22 14:23:04,Camera_Entrance_01,Person_8,Face & Credentials Masked,0.74,LOW
2026-08-22 14:23:04,Camera_Entrance_01,Person_3,Low Confidence Mask,0.53,MEDIUM
2026-08-22 14:23:04,Camera_Entrance_01,Person_15,Face & Credentials Masked,0.86,LOW
2026-08-22 14:23:04,Camera_Entrance_01,Person_16,Face & Credentials Masked,0.8,LOW
2026-08-22 14:23:04,Camera_Entrance_01,Person_18,Face & Credentials Masked,0.78,LOW
2026-08-22 14:23:04,Camera_Entrance_01,Person_8,Face & Credentials Masked,0.78,LOW
2026-08-22 14:23:04,Camera_Entrance_01,Person_3,Low Confidence Mask,0.49,MEDIUM
2026-08-22 14:23:04,Camera_Entrance_01,Person_15,Face & Credentials Masked,0.86,LOW
2026-08-22 14:23:04,Camera_Entrance_01,Person_16,Face & Credentials Masked,0.79,LOW
2026-08-22 14:23:04,Camera_Entrance_01,Person_18,Face & Credentials Masked,0.76,LOW
2026-08-22 14:23:04,Camera_Entrance_01,Person_8,Face & Credentials Masked,0.8,LOW
2026-08-22 14:23:04,Camera_Entrance_01,Person_3,Low Confidence Mask,0.48,MEDIUM
2026-08-22 14:23:04,Camera_Entrance_01,Person_15,Face & Credentials Masked,0.82,LOW
2026-08-22 14:23:04,Camera_Entrance_01,Person_16,Face & Credentials Masked,0.78,LOW
2026-08-22 14:23:04,Camera_Entrance_01,Person_18,Face & Credentials Masked,0.79,LOW
2026-08-22 14:23:04,Camera_Entrance_01,Person_8,Face & Credentials Masked,0.78,LOW
2026-08-22 14:23:05,Camera_Entrance_01,Person_3,Low Confidence Mask,0.37,MEDIUM
2026-08-22 14:23:05,Camera_Entrance_01,Person_15,Face & Credentials Masked,0.8,LOW
2026-08-22 14:23:05,Camera_Entrance_01,Person_16,Face & Credentials Masked,0.77,LOW
2026-08-22 14:23:05,Camera_Entrance_01,Person_18,Face & Credentials Masked,0.82,LOW
2026-08-22 14:23:05,Camera_Entrance_01,Person_8,Face & Credentials Masked,0.79,LOW
2026-08-22 14:23:05,Camera_Entrance_01,Person_3,Low Confidence Mask,0.39,MEDIUM
2026-08-22 14:23:05,Camera_Entrance_01,Person_15,Face & Credentials Masked,0.74,LOW
2026-08-22 14:23:05,Camera_Entrance_01,Person_16,Face & Credentials Masked,0.78,LOW
2026-08-22 14:23:05,Camera_Entrance_01,Person_18,Face & Credentials Masked,0.83,LOW
2026-08-22 14:23:05,Camera_Entrance_01,Person_8,Face & Credentials Masked,0.81,LOW
2026-08-22 14:23:05,Camera_Entrance_01,Person_3,Low Confidence Mask,0.49,MEDIUM
2026-08-22 14:23:05,Camera_Entrance_01,Person_15,Face & Credentials Masked,0.73,LOW
2026-08-22 14:23:05,Camera_Entrance_01,Person_16,Face & Credentials Masked,0.82,LOW
2026-08-22 14:23:05,Camera_Entrance_01,Person_18,Face & Credentials Masked,0.82,LOW
2026-08-22 14:23:05,Camera_Entrance_01,Person_8,Face & Credentials Masked,0.82,LOW
2026-08-22 14:23:05,Camera_Entrance_01,Person_3,Low Confidence Mask,0.59,MEDIUM
2026-08-22 14:23:05,Camera_Entrance_01,Person_15,Face & Credentials Masked,0.72,LOW
2026-08-22 14:23:05,Camera_Entrance_01,Person_16,Face & Credentials Masked,0.83,LOW
2026-08-22 14:23:05,Camera_Entrance_01,Person_18,Face & Credentials Masked,0.79,LOW
2026-08-22 14:23:05,Camera_Entrance_01,Person_8,Face & Credentials Masked,0.82,LOW
2026-08-22 14:23:05,Camera_Entrance_01,Person_17,Low Confidence Mask,0.27,MEDIUM
2026-08-22 14:23:05,Camera_Entrance_01,Person_3,Face & Credentials Masked,0.63,LOW
2026-08-22 14:23:05,Camera_Entrance_01,Person_15,Face & Credentials Masked,0.71,LOW
2026-08-22 14:23:05,Camera_Entrance_01,Person_16,Face & Credentials Masked,0.72,LOW
2026-08-22 14:23:05,Camera_Entrance_01,Person_18,Face & Credentials Masked,0.75,LOW
2026-08-22 14:23:05,Camera_Entrance_01,Person_8,Face & Credentials Masked,0.82,LOW
2026-08-22 14:23:05,Camera_Entrance_01,Person_17,Low Confidence Mask,0.25,MEDIUM
2026-08-22 14:23:05,Camera_Entrance_01,Person_3,Low Confidence Mask,0.58,MEDIUM
2026-08-22 14:23:05,Camera_Entrance_01,Person_15,Face & Credentials Masked,0.7,LOW
2026-08-22 14:23:05,Camera_Entrance_01,Person_16,Face & Credentials Masked,0.69,LOW
2026-08-22 14:23:05,Camera_Entrance_01,Person_18,Face & Credentials Masked,0.78,LOW
2026-08-22 14:23:05,Camera_Entrance_01,Person_8,Face & Credentials Masked,0.82,LOW
2026-08-22 14:23:05,Camera_Entrance_01,Person_3,Low Confidence Mask,0.39,MEDIUM
2026-08-22 14:23:05,Camera_Entrance_01,Person_15,Low Confidence Mask,0.59,MEDIUM
2026-08-22 14:23:05,Camera_Entrance_01,Person_16,Low Confidence Mask,0.5,MEDIUM
2026-08-22 14:23:05,Camera_Entrance_01,Person_18,Face & Credentials Masked,0.77,LOW
2026-08-22 14:23:05,Camera_Entrance_01,Person_8,Face & Credentials Masked,0.8,LOW
2026-08-22 14:23:06,Camera_Entrance_01,Person_3,Low Confidence Mask,0.32,MEDIUM
2026-08-22 14:23:06,Camera_Entrance_01,Person_15,Low Confidence Mask,0.49,MEDIUM
2026-08-22 14:23:06,Camera_Entrance_01,Person_18,Face & Credentials Masked,0.75,LOW
2026-08-22 14:23:06,Camera_Entrance_01,Person_8,Face & Credentials Masked,0.77,LOW
2026-08-22 14:23:06,Camera_Entrance_01,Person_17,Low Confidence Mask,0.27,MEDIUM
2026-08-22 14:23:06,Camera_Entrance_01,Person_15,Face & Credentials Masked,0.64,LOW
2026-08-22 14:23:06,Camera_Entrance_01,Person_18,Face & Credentials Masked,0.73,LOW
2026-08-22 14:23:06,Camera_Entrance_01,Person_8,Face & Credentials Masked,0.78,LOW
2026-08-22 14:23:06,Camera_Entrance_01,Person_17,Low Confidence Mask,0.54,MEDIUM
2026-08-22 14:23:06,Camera_Entrance_01,Person_15,Low Confidence Mask,0.51,MEDIUM
2026-08-22 14:23:06,Camera_Entrance_01,Person_18,Face & Credentials Masked,0.8,LOW
2026-08-22 14:23:06,Camera_Entrance_01,Person_8,Face & Credentials Masked,0.78,LOW
2026-08-22 14:23:06,Camera_Entrance_01,Person_17,Low Confidence Mask,0.26,MEDIUM
2026-08-22 14:23:06,Camera_Entrance_01,Person_3,Low Confidence Mask,0.27,MEDIUM
2026-08-22 14:23:06,Camera_Entrance_01,Person_15,Face & Credentials Masked,0.66,LOW
2026-08-22 14:23:06,Camera_Entrance_01,Person_18,Face & Credentials Masked,0.82,LOW
2026-08-22 14:23:06,Camera_Entrance_01,Person_8,Face & Credentials Masked,0.79,LOW
2026-08-22 14:23:06,Camera_Entrance_01,Person_17,Low Confidence Mask,0.41,MEDIUM
2026-08-22 14:23:06,Camera_Entrance_01,Person_15,Face & Credentials Masked,0.7,LOW
2026-08-22 14:23:06,Camera_Entrance_01,Person_18,Face & Credentials Masked,0.85,LOW
2026-08-22 14:23:06,Camera_Entrance_01,Person_8,Face & Credentials Masked,0.79,LOW
2026-08-22 14:23:06,Camera_Entrance_01,Person_17,Low Confidence Mask,0.59,MEDIUM
2026-08-22 14:23:06,Camera_Entrance_01,Person_3,Low Confidence Mask,0.31,MEDIUM
2026-08-22 14:23:06,Camera_Entrance_01,Person_15,Face & Credentials Masked,0.74,LOW
2026-08-22 14:23:06,Camera_Entrance_01,Person_18,Face & Credentials Masked,0.83,LOW
2026-08-22 14:23:06,Camera_Entrance_01,Person_8,Face & Credentials Masked,0.8,LOW
2026-08-22 14:23:06,Camera_Entrance_01,Person_17,Face & Credentials Masked,0.75,LOW
2026-08-22 14:23:06,Camera_Entrance_01,Person_3,Low Confidence Mask,0.32,MEDIUM
2026-08-22 14:23:06,Camera_Entrance_01,Person_15,Face & Credentials Masked,0.79,LOW
2026-08-22 14:23:06,Camera_Entrance_01,Person_18,Face & Credentials Masked,0.83,LOW
2026-08-22 14:23:06,Camera_Entrance_01,Person_8,Face & Credentials Masked,0.77,LOW
2026-08-22 14:23:06,Camera_Entrance_01,Person_17,Face & Credentials Masked,0.78,LOW
2026-08-22 14:23:06,Camera_Entrance_01,Person_3,Low Confidence Mask,0.35,MEDIUM
2026-08-22 14:23:07,Camera_Entrance_01,Person_15,Face & Credentials Masked,0.83,LOW
2026-08-22 14:23:07,Camera_Entrance_01,Person_18,Face & Credentials Masked,0.82,LOW
2026-08-22 14:23:07,Camera_Entrance_01,Person_8,Face & Credentials Masked,0.76,LOW
2026-08-22 14:23:07,Camera_Entrance_01,Person_17,Face & Credentials Masked,0.76,LOW
2026-08-22 14:23:07,Camera_Entrance_01,Person_3,Low Confidence Mask,0.42,MEDIUM
2026-08-22 14:23:07,Camera_Entrance_01,Person_15,Face & Credentials Masked,0.82,LOW
2026-08-22 14:23:07,Camera_Entrance_01,Person_18,Face & Credentials Masked,0.83,LOW
2026-08-22 14:23:07,Camera_Entrance_01,Person_8,Face & Credentials Masked,0.77,LOW
2026-08-22 14:23:07,Camera_Entrance_01,Person_17,Face & Credentials Masked,0.75,LOW
2026-08-22 14:23:07,Camera_Entrance_01,Person_3,Low Confidence Mask,0.41,MEDIUM
2026-08-22 14:23:07,Camera_Entrance_01,Person_15,Face & Credentials Masked,0.83,LOW
2026-08-22 14:23:07,Camera_Entrance_01,Person_18,Face & Credentials Masked,0.81,LOW
2026-08-22 14:23:07,Camera_Entrance_01,Person_8,Face & Credentials Masked,0.77,LOW
2026-08-22 14:23:07,Camera_Entrance_01,Person_17,Face & Credentials Masked,0.73,LOW
2026-08-22 14:23:07,Camera_Entrance_01,Person_3,Low Confidence Mask,0.39,MEDIUM
2026-08-22 14:23:07,Camera_Entrance_01,Person_15,Face & Credentials Masked,0.84,LOW
2026-08-22 14:23:07,Camera_Entrance_01,Person_18,Face & Credentials Masked,0.75,LOW
2026-08-22 14:23:07,Camera_Entrance_01,Person_8,Face & Credentials Masked,0.8,LOW
2026-08-22 14:23:07,Camera_Entrance_01,Person_17,Face & Credentials Masked,0.73,LOW
2026-08-22 14:23:07,Camera_Entrance_01,Person_3,Low Confidence Mask,0.35,MEDIUM
2026-08-22 14:23:07,Camera_Entrance_01,Person_16,Low Confidence Mask,0.28,MEDIUM
2026-08-22 14:23:07,Camera_Entrance_01,Person_15,Face & Credentials Masked,0.8,LOW
2026-08-22 14:23:07,Camera_Entrance_01,Person_18,Face & Credentials Masked,0.71,LOW
2026-08-22 14:23:07,Camera_Entrance_01,Person_8,Face & Credentials Masked,0.75,LOW
2026-08-22 14:23:07,Camera_Entrance_01,Person_17,Face & Credentials Masked,0.74,LOW
2026-08-22 14:23:07,Camera_Entrance_01,Person_21,Face & Credentials Masked,0.72,LOW
2026-08-22 14:23:07,Camera_Entrance_01,Person_15,Face & Credentials Masked,0.66,LOW
2026-08-22 14:23:07,Camera_Entrance_01,Person_18,Face & Credentials Masked,0.75,LOW
2026-08-22 14:23:07,Camera_Entrance_01,Person_8,Face & Credentials Masked,0.73,LOW
2026-08-22 14:23:07,Camera_Entrance_01,Person_17,Face & Credentials Masked,0.73,LOW
2026-08-22 14:23:07,Camera_Entrance_01,Person_21,Face & Credentials Masked,0.66,LOW
2026-08-22 14:23:07,Camera_Entrance_01,Person_3,Face & Credentials Masked,0.63,LOW
2026-08-22 14:23:07,Camera_Entrance_01,Person_15,Low Confidence Mask,0.56,MEDIUM
2026-08-22 14:23:07,Camera_Entrance_01,Person_18,Face & Credentials Masked,0.71,LOW
2026-08-22 14:23:07,Camera_Entrance_01,Person_8,Face & Credentials Masked,0.76,LOW
2026-08-22 14:23:07,Camera_Entrance_01,Person_17,Face & Credentials Masked,0.74,LOW
2026-08-22 14:23:07,Camera_Entrance_01,Person_21,Low Confidence Mask,0.35,MEDIUM
2026-08-22 14:23:07,Camera_Entrance_01,Person_3,Face & Credentials Masked,0.63,LOW
2026-08-22 14:23:07,Camera_Entrance_01,Person_16,Face & Credentials Masked,0.65,LOW
2026-08-22 14:23:08,Camera_Entrance_01,Person_15,Face & Credentials Masked,0.62,LOW
2026-08-22 14:23:08,Camera_Entrance_01,Person_18,Low Confidence Mask,0.57,MEDIUM
2026-08-22 14:23:08,Camera_Entrance_01,Person_8,Face & Credentials Masked,0.78,LOW
2026-08-22 14:23:08,Camera_Entrance_01,Person_17,Face & Credentials Masked,0.76,LOW
2026-08-22 14:23:08,Camera_Entrance_01,Person_21,Low Confidence Mask,0.4,MEDIUM
2026-08-22 14:23:08,Camera_Entrance_01,Person_3,Low Confidence Mask,0.39,MEDIUM
2026-08-22 14:23:08,Camera_Entrance_01,Person_16,Low Confidence Mask,0.56,MEDIUM
2026-08-22 14:23:08,Camera_Entrance_01,Person_15,Face & Credentials Masked,0.6,LOW
2026-08-22 14:23:08,Camera_Entrance_01,Person_18,Face & Credentials Masked,0.79,LOW
2026-08-22 14:23:08,Camera_Entrance_01,Person_8,Face & Credentials Masked,0.62,LOW
2026-08-22 14:23:08,Camera_Entrance_01,Person_17,Face & Credentials Masked,0.76,LOW
2026-08-22 14:23:08,Camera_Entrance_01,Person_21,Low Confidence Mask,0.3,MEDIUM
2026-08-22 14:23:08,Camera_Entrance_01,Person_16,Low Confidence Mask,0.58,MEDIUM
2026-08-22 14:23:08,Camera_Entrance_01,Person_22,Face & Credentials Masked,0.69,LOW
2026-08-22 14:23:08,Camera_Entrance_01,Person_15,Face & Credentials Masked,0.64,LOW
2026-08-22 14:23:08,Camera_Entrance_01,Person_18,Face & Credentials Masked,0.8,LOW
2026-08-22 14:23:08,Camera_Entrance_01,Person_8,Face & Credentials Masked,0.74,LOW
2026-08-22 14:23:08,Camera_Entrance_01,Person_17,Face & Credentials Masked,0.72,LOW
2026-08-22 14:23:08,Camera_Entrance_01,Person_21,Low Confidence Mask,0.36,MEDIUM
2026-08-22 14:23:08,Camera_Entrance_01,Person_16,Low Confidence Mask,0.59,MEDIUM
2026-08-22 14:23:08,Camera_Entrance_01,Person_22,Low Confidence Mask,0.57,MEDIUM
2026-08-22 14:23:08,Camera_Entrance_01,Person_3,Face & Credentials Masked,0.62,LOW
2026-08-22 14:23:08,Camera_Entrance_01,Person_15,Face & Credentials Masked,0.66,LOW
2026-08-22 14:23:08,Camera_Entrance_01,Person_18,Face & Credentials Masked,0.83,LOW
2026-08-22 14:23:08,Camera_Entrance_01,Person_8,Face & Credentials Masked,0.77,LOW
2026-08-22 14:23:08,Camera_Entrance_01,Person_17,Face & Credentials Masked,0.71,LOW
2026-08-22 14:23:08,Camera_Entrance_01,Person_21,Low Confidence Mask,0.56,MEDIUM
2026-08-22 14:23:08,Camera_Entrance_01,Person_16,Face & Credentials Masked,0.6,LOW
2026-08-22 14:23:08,Camera_Entrance_01,Person_22,Low Confidence Mask,0.58,MEDIUM
2026-08-22 14:23:08,Camera_Entrance_01,Person_3,Face & Credentials Masked,0.66,LOW
2026-08-22 14:23:08,Camera_Entrance_01,Person_15,Face & Credentials Masked,0.67,LOW
2026-08-22 14:23:08,Camera_Entrance_01,Person_18,Face & Credentials Masked,0.78,LOW
2026-08-22 14:23:08,Camera_Entrance_01,Person_8,Face & Credentials Masked,0.67,LOW
2026-08-22 14:23:08,Camera_Entrance_01,Person_17,Face & Credentials Masked,0.7,LOW
2026-08-22 14:23:08,Camera_Entrance_01,Person_21,Face & Credentials Masked,0.71,LOW
2026-08-22 14:23:08,Camera_Entrance_01,Person_16,Face & Credentials Masked,0.77,LOW
2026-08-22 14:23:08,Camera_Entrance_01,Person_22,Low Confidence Mask,0.59,MEDIUM
2026-08-22 14:23:08,Camera_Entrance_01,Person_3,Face & Credentials Masked,0.62,LOW
2026-08-22 14:23:08,Camera_Entrance_01,Person_15,Face & Credentials Masked,0.77,LOW
2026-08-22 14:23:08,Camera_Entrance_01,Person_18,Face & Credentials Masked,0.73,LOW
2026-08-22 14:23:08,Camera_Entrance_01,Person_8,Face & Credentials Masked,0.73,LOW
2026-08-22 14:23:08,Camera_Entrance_01,Person_17,Face & Credentials Masked,0.7,LOW
2026-08-22 14:23:08,Camera_Entrance_01,Person_21,Face & Credentials Masked,0.76,LOW
2026-08-22 14:23:08,Camera_Entrance_01,Person_16,Face & Credentials Masked,0.8,LOW
2026-08-22 14:23:08,Camera_Entrance_01,Person_22,Low Confidence Mask,0.32,MEDIUM
2026-08-22 14:23:08,Camera_Entrance_01,Person_3,Low Confidence Mask,0.51,MEDIUM
2026-08-22 14:23:08,Camera_Entrance_01,Person_15,Face & Credentials Masked,0.81,LOW
2026-08-22 14:23:08,Camera_Entrance_01,Person_18,Low Confidence Mask,0.55,MEDIUM
2026-08-22 14:23:08,Camera_Entrance_01,Person_8,Face & Credentials Masked,0.79,LOW
2026-08-22 14:23:08,Camera_Entrance_01,Person_17,Face & Credentials Masked,0.66,LOW
2026-08-22 14:23:08,Camera_Entrance_01,Person_21,Face & Credentials Masked,0.8,LOW
2026-08-22 14:23:08,Camera_Entrance_01,Person_16,Face & Credentials Masked,0.79,LOW
2026-08-22 14:23:08,Camera_Entrance_01,Person_22,Low Confidence Mask,0.39,MEDIUM
2026-08-22 14:23:08,Camera_Entrance_01,Person_3,Low Confidence Mask,0.43,MEDIUM
2026-08-22 14:23:09,Camera_Entrance_01,Person_15,Face & Credentials Masked,0.81,LOW
2026-08-22 14:23:09,Camera_Entrance_01,Person_18,Low Confidence Mask,0.5,MEDIUM
2026-08-22 14:23:09,Camera_Entrance_01,Person_8,Face & Credentials Masked,0.78,LOW
2026-08-22 14:23:09,Camera_Entrance_01,Person_17,Face & Credentials Masked,0.67,LOW
2026-08-22 14:23:09,Camera_Entrance_01,Person_21,Face & Credentials Masked,0.82,LOW
2026-08-22 14:23:09,Camera_Entrance_01,Person_16,Face & Credentials Masked,0.84,LOW
2026-08-22 14:23:09,Camera_Entrance_01,Person_22,Low Confidence Mask,0.46,MEDIUM
2026-08-22 14:23:09,Camera_Entrance_01,Person_3,Low Confidence Mask,0.4,MEDIUM
2026-08-22 14:23:09,Camera_Entrance_01,Person_15,Face & Credentials Masked,0.71,LOW
2026-08-22 14:23:09,Camera_Entrance_01,Person_18,Low Confidence Mask,0.37,MEDIUM
2026-08-22 14:23:09,Camera_Entrance_01,Person_8,Face & Credentials Masked,0.79,LOW
2026-08-22 14:23:09,Camera_Entrance_01,Person_17,Low Confidence Mask,0.29,MEDIUM
2026-08-22 14:23:09,Camera_Entrance_01,Person_21,Face & Credentials Masked,0.84,LOW
2026-08-22 14:23:09,Camera_Entrance_01,Person_16,Face & Credentials Masked,0.84,LOW
2026-08-22 14:23:09,Camera_Entrance_01,Person_22,Low Confidence Mask,0.45,MEDIUM
2026-08-22 14:23:09,Camera_Entrance_01,Person_3,Low Confidence Mask,0.57,MEDIUM
2026-08-22 14:23:09,Camera_Entrance_01,Person_15,Face & Credentials Masked,0.86,LOW
2026-08-22 14:23:09,Camera_Entrance_01,Person_8,Face & Credentials Masked,0.76,LOW
2026-08-22 14:23:09,Camera_Entrance_01,Person_21,Face & Credentials Masked,0.85,LOW
2026-08-22 14:23:09,Camera_Entrance_01,Person_16,Face & Credentials Masked,0.86,LOW
2026-08-22 14:23:09,Camera_Entrance_01,Person_22,Low Confidence Mask,0.3,MEDIUM
2026-08-22 14:23:09,Camera_Entrance_01,Person_3,Face & Credentials Masked,0.61,LOW
2026-08-22 14:23:09,Camera_Entrance_01,Person_15,Face & Credentials Masked,0.85,LOW
2026-08-22 14:23:09,Camera_Entrance_01,Person_8,Face & Credentials Masked,0.76,LOW
2026-08-22 14:23:09,Camera_Entrance_01,Person_21,Face & Credentials Masked,0.8,LOW
2026-08-22 14:23:09,Camera_Entrance_01,Person_16,Face & Credentials Masked,0.88,LOW
2026-08-22 14:23:09,Camera_Entrance_01,Person_22,Face & Credentials Masked,0.66,LOW
2026-08-22 14:23:09,Camera_Entrance_01,Person_3,Face & Credentials Masked,0.6,LOW
2026-08-22 14:23:09,Camera_Entrance_01,Person_8,Face & Credentials Masked,0.79,LOW
2026-08-22 14:23:09,Camera_Entrance_01,Person_21,Face & Credentials Masked,0.79,LOW
2026-08-22 14:23:09,Camera_Entrance_01,Person_16,Face & Credentials Masked,0.88,LOW
2026-08-22 14:23:09,Camera_Entrance_01,Person_22,Low Confidence Mask,0.58,MEDIUM
2026-08-22 14:23:09,Camera_Entrance_01,Person_3,Low Confidence Mask,0.49,MEDIUM
2026-08-22 14:23:09,Camera_Entrance_01,Person_8,Face & Credentials Masked,0.78,LOW
2026-08-22 14:23:09,Camera_Entrance_01,Person_21,Face & Credentials Masked,0.74,LOW
2026-08-22 14:23:09,Camera_Entrance_01,Person_16,Face & Credentials Masked,0.88,LOW
2026-08-22 14:23:09,Camera_Entrance_01,Person_22,Low Confidence Mask,0.37,MEDIUM
2026-08-22 14:23:09,Camera_Entrance_01,Person_3,Low Confidence Mask,0.35,MEDIUM
2026-08-22 14:23:10,Camera_Entrance_01,Person_8,Face & Credentials Masked,0.78,LOW
2026-08-22 14:23:10,Camera_Entrance_01,Person_21,Face & Credentials Masked,0.77,LOW
2026-08-22 14:23:10,Camera_Entrance_01,Person_16,Face & Credentials Masked,0.87,LOW
2026-08-22 14:23:10,Camera_Entrance_01,Person_22,Low Confidence Mask,0.4,MEDIUM
2026-08-22 14:23:10,Camera_Entrance_01,Person_3,Low Confidence Mask,0.38,MEDIUM
2026-08-22 14:23:10,Camera_Entrance_01,Person_8,Face & Credentials Masked,0.77,LOW
2026-08-22 14:23:10,Camera_Entrance_01,Person_21,Face & Credentials Masked,0.8,LOW
2026-08-22 14:23:10,Camera_Entrance_01,Person_16,Face & Credentials Masked,0.85,LOW
2026-08-22 14:23:10,Camera_Entrance_01,Person_22,Low Confidence Mask,0.32,MEDIUM
2026-08-22 14:23:10,Camera_Entrance_01,Person_3,Low Confidence Mask,0.54,MEDIUM
2026-08-22 14:23:10,Camera_Entrance_01,Person_17,Low Confidence Mask,0.41,MEDIUM
2026-08-22 14:23:10,Camera_Entrance_01,Person_8,Face & Credentials Masked,0.79,LOW
2026-08-22 14:23:10,Camera_Entrance_01,Person_21,Face & Credentials Masked,0.82,LOW
2026-08-22 14:23:10,Camera_Entrance_01,Person_16,Face & Credentials Masked,0.84,LOW
2026-08-22 14:23:10,Camera_Entrance_01,Person_22,Low Confidence Mask,0.4,MEDIUM
2026-08-22 14:23:10,Camera_Entrance_01,Person_3,Low Confidence Mask,0.48,MEDIUM
2026-08-22 14:23:10,Camera_Entrance_01,Person_17,Low Confidence Mask,0.42,MEDIUM
2026-08-22 14:23:10,Camera_Entrance_01,Person_8,Face & Credentials Masked,0.8,LOW
2026-08-22 14:23:10,Camera_Entrance_01,Person_21,Face & Credentials Masked,0.81,LOW
2026-08-22 14:23:10,Camera_Entrance_01,Person_16,Face & Credentials Masked,0.77,LOW
2026-08-22 14:23:10,Camera_Entrance_01,Person_22,Low Confidence Mask,0.51,MEDIUM
2026-08-22 14:23:10,Camera_Entrance_01,Person_3,Low Confidence Mask,0.54,MEDIUM
2026-08-22 14:23:10,Camera_Entrance_01,Person_17,Low Confidence Mask,0.45,MEDIUM
2026-08-22 14:23:10,Camera_Entrance_01,Person_8,Face & Credentials Masked,0.84,LOW
2026-08-22 14:23:10,Camera_Entrance_01,Person_21,Face & Credentials Masked,0.81,LOW
2026-08-22 14:23:10,Camera_Entrance_01,Person_16,Face & Credentials Masked,0.75,LOW
2026-08-22 14:23:10,Camera_Entrance_01,Person_22,Face & Credentials Masked,0.62,LOW
2026-08-22 14:23:10,Camera_Entrance_01,Person_3,Face & Credentials Masked,0.66,LOW
2026-08-22 14:23:10,Camera_Entrance_01,Person_17,Low Confidence Mask,0.39,MEDIUM
2026-08-22 14:23:10,Camera_Entrance_01,Person_8,Face & Credentials Masked,0.85,LOW
2026-08-22 14:23:10,Camera_Entrance_01,Person_21,Face & Credentials Masked,0.81,LOW
2026-08-22 14:23:10,Camera_Entrance_01,Person_16,Face & Credentials Masked,0.76,LOW
2026-08-22 14:23:10,Camera_Entrance_01,Person_22,Face & Credentials Masked,0.71,LOW
2026-08-22 14:23:10,Camera_Entrance_01,Person_3,Face & Credentials Masked,0.67,LOW
2026-08-22 14:23:10,Camera_Entrance_01,Person_17,Low Confidence Mask,0.4,MEDIUM
2026-08-22 14:23:10,Camera_Entrance_01,Person_8,Face & Credentials Masked,0.82,LOW
2026-08-22 14:23:10,Camera_Entrance_01,Person_21,Face & Credentials Masked,0.83,LOW
2026-08-22 14:23:10,Camera_Entrance_01,Person_16,Face & Credentials Masked,0.67,LOW
2026-08-22 14:23:10,Camera_Entrance_01,Person_22,Face & Credentials Masked,0.67,LOW
2026-08-22 14:23:10,Camera_Entrance_01,Person_3,Face & Credentials Masked,0.67,LOW
2026-08-22 14:23:10,Camera_Entrance_01,Person_17,Low Confidence Mask,0.49,MEDIUM
2026-08-22 14:23:11,Camera_Entrance_01,Person_8,Face & Credentials Masked,0.78,LOW
2026-08-22 14:23:11,Camera_Entrance_01,Person_21,Face & Credentials Masked,0.86,LOW
2026-08-22 14:23:11,Camera_Entrance_01,Person_16,Face & Credentials Masked,0.71,LOW
2026-08-22 14:23:11,Camera_Entrance_01,Person_22,Low Confidence Mask,0.5,MEDIUM
2026-08-22 14:23:11,Camera_Entrance_01,Person_3,Face & Credentials Masked,0.65,LOW
2026-08-22 14:23:11,Camera_Entrance_01,Person_17,Low Confidence Mask,0.54,MEDIUM
2026-08-22 14:23:11,Camera_Entrance_01,Person_8,Face & Credentials Masked,0.74,LOW
2026-08-22 14:23:11,Camera_Entrance_01,Person_21,Face & Credentials Masked,0.84,LOW
2026-08-22 14:23:11,Camera_Entrance_01,Person_22,Face & Credentials Masked,0.64,LOW
2026-08-22 14:23:11,Camera_Entrance_01,Person_3,Face & Credentials Masked,0.6,LOW
2026-08-22 14:23:11,Camera_Entrance_01,Person_17,Low Confidence Mask,0.55,MEDIUM
2026-08-22 14:23:11,Camera_Entrance_01,Person_8,Face & Credentials Masked,0.78,LOW
2026-08-22 14:23:11,Camera_Entrance_01,Person_21,Face & Credentials Masked,0.84,LOW
2026-08-22 14:23:11,Camera_Entrance_01,Person_22,Face & Credentials Masked,0.6,LOW
2026-08-22 14:23:11,Camera_Entrance_01,Person_3,Face & Credentials Masked,0.61,LOW
2026-08-22 14:23:11,Camera_Entrance_01,Person_17,Face & Credentials Masked,0.61,LOW
2026-08-22 14:23:11,Camera_Entrance_01,Person_16,Face & Credentials Masked,0.67,LOW
2026-08-22 14:23:11,Camera_Entrance_01,Person_8,Face & Credentials Masked,0.78,LOW
2026-08-22 14:23:11,Camera_Entrance_01,Person_21,Face & Credentials Masked,0.73,LOW
2026-08-22 14:23:11,Camera_Entrance_01,Person_22,Low Confidence Mask,0.59,MEDIUM
2026-08-22 14:23:11,Camera_Entrance_01,Person_3,Face & Credentials Masked,0.61,LOW
2026-08-22 14:23:11,Camera_Entrance_01,Person_17,Face & Credentials Masked,0.66,LOW
2026-08-22 14:23:11,Camera_Entrance_01,Person_16,Face & Credentials Masked,0.74,LOW
2026-08-22 14:23:11,Camera_Entrance_01,Person_18,Face & Credentials Masked,0.78,LOW
2026-08-22 14:23:11,Camera_Entrance_01,Person_8,Face & Credentials Masked,0.78,LOW
2026-08-22 14:23:11,Camera_Entrance_01,Person_21,Face & Credentials Masked,0.67,LOW
2026-08-22 14:23:11,Camera_Entrance_01,Person_22,Low Confidence Mask,0.57,MEDIUM
2026-08-22 14:23:11,Camera_Entrance_01,Person_3,Low Confidence Mask,0.58,MEDIUM
2026-08-22 14:23:11,Camera_Entrance_01,Person_17,Face & Credentials Masked,0.67,LOW
2026-08-22 14:23:11,Camera_Entrance_01,Person_16,Face & Credentials Masked,0.76,LOW
2026-08-22 14:23:11,Camera_Entrance_01,Person_18,Low Confidence Mask,0.57,MEDIUM
2026-08-22 14:23:11,Camera_Entrance_01,Person_8,Face & Credentials Masked,0.8,LOW
2026-08-22 14:23:11,Camera_Entrance_01,Person_21,Face & Credentials Masked,0.78,LOW
2026-08-22 14:23:11,Camera_Entrance_01,Person_22,Low Confidence Mask,0.39,MEDIUM
2026-08-22 14:23:11,Camera_Entrance_01,Person_3,Low Confidence Mask,0.55,MEDIUM
2026-08-22 14:23:11,Camera_Entrance_01,Person_17,Face & Credentials Masked,0.68,LOW
2026-08-22 14:23:11,Camera_Entrance_01,Person_16,Face & Credentials Masked,0.78,LOW
2026-08-22 14:23:11,Camera_Entrance_01,Person_18,Face & Credentials Masked,0.63,LOW
2026-08-22 14:23:11,Camera_Entrance_01,Person_8,Face & Credentials Masked,0.8,LOW
2026-08-22 14:23:11,Camera_Entrance_01,Person_21,Face & Credentials Masked,0.79,LOW
2026-08-22 14:23:11,Camera_Entrance_01,Person_22,Low Confidence Mask,0.36,MEDIUM
2026-08-22 14:23:11,Camera_Entrance_01,Person_3,Low Confidence Mask,0.51,MEDIUM
2026-08-22 14:23:11,Camera_Entrance_01,Person_17,Face & Credentials Masked,0.65,LOW
2026-08-22 14:23:11,Camera_Entrance_01,Person_16,Face & Credentials Masked,0.76,LOW
2026-08-22 14:23:11,Camera_Entrance_01,Person_18,Face & Credentials Masked,0.82,LOW
2026-08-22 14:23:12,Camera_Entrance_01,Person_8,Face & Credentials Masked,0.8,LOW
2026-08-22 14:23:12,Camera_Entrance_01,Person_21,Face & Credentials Masked,0.83,LOW
2026-08-22 14:23:12,Camera_Entrance_01,Person_3,Face & Credentials Masked,0.6,LOW
2026-08-22 14:23:12,Camera_Entrance_01,Person_17,Face & Credentials Masked,0.66,LOW
2026-08-22 14:23:12,Camera_Entrance_01,Person_16,Face & Credentials Masked,0.79,LOW
2026-08-22 14:23:12,Camera_Entrance_01,Person_18,Face & Credentials Masked,0.82,LOW
2026-08-22 14:23:12,Camera_Entrance_01,Person_8,Face & Credentials Masked,0.8,LOW
2026-08-22 14:23:12,Camera_Entrance_01,Person_21,Face & Credentials Masked,0.88,LOW
2026-08-22 14:23:12,Camera_Entrance_01,Person_3,Low Confidence Mask,0.52,MEDIUM
2026-08-22 14:23:12,Camera_Entrance_01,Person_17,Face & Credentials Masked,0.67,LOW
2026-08-22 14:23:12,Camera_Entrance_01,Person_16,Face & Credentials Masked,0.78,LOW
2026-08-22 14:23:12,Camera_Entrance_01,Person_18,Face & Credentials Masked,0.82,LOW
2026-08-22 14:23:12,Camera_Entrance_01,Person_8,Face & Credentials Masked,0.81,LOW
2026-08-22 14:23:12,Camera_Entrance_01,Person_21,Face & Credentials Masked,0.85,LOW
2026-08-22 14:23:12,Camera_Entrance_01,Person_3,Face & Credentials Masked,0.64,LOW
2026-08-22 14:23:12,Camera_Entrance_01,Person_17,Face & Credentials Masked,0.65,LOW
2026-08-22 14:23:12,Camera_Entrance_01,Person_16,Face & Credentials Masked,0.68,LOW
2026-08-22 14:23:12,Camera_Entrance_01,Person_18,Face & Credentials Masked,0.81,LOW
2026-08-22 14:23:12,Camera_Entrance_01,Person_8,Face & Credentials Masked,0.81,LOW
2026-08-22 14:23:12,Camera_Entrance_01,Person_21,Face & Credentials Masked,0.89,LOW
2026-08-22 14:23:12,Camera_Entrance_01,Person_3,Face & Credentials Masked,0.7,LOW
2026-08-22 14:23:12,Camera_Entrance_01,Person_17,Face & Credentials Masked,0.61,LOW
2026-08-22 14:23:12,Camera_Entrance_01,Person_16,Face & Credentials Masked,0.75,LOW
2026-08-22 14:23:12,Camera_Entrance_01,Person_18,Face & Credentials Masked,0.76,LOW
2026-08-22 14:23:12,Camera_Entrance_01,Person_8,Face & Credentials Masked,0.82,LOW
2026-08-22 14:23:12,Camera_Entrance_01,Person_21,Face & Credentials Masked,0.85,LOW
2026-08-22 14:23:12,Camera_Entrance_01,Person_3,Face & Credentials Masked,0.67,LOW
2026-08-22 14:23:12,Camera_Entrance_01,Person_17,Face & Credentials Masked,0.67,LOW
2026-08-22 14:23:12,Camera_Entrance_01,Person_16,Face & Credentials Masked,0.75,LOW
2026-08-22 14:23:12,Camera_Entrance_01,Person_18,Low Confidence Mask,0.55,MEDIUM
2026-08-22 14:23:12,Camera_Entrance_01,Person_8,Face & Credentials Masked,0.84,LOW
2026-08-22 14:23:12,Camera_Entrance_01,Person_21,Face & Credentials Masked,0.83,LOW
2026-08-22 14:23:12,Camera_Entrance_01,Person_3,Face & Credentials Masked,0.61,LOW
2026-08-22 14:23:12,Camera_Entrance_01,Person_17,Face & Credentials Masked,0.69,LOW
2026-08-22 14:23:12,Camera_Entrance_01,Person_16,Face & Credentials Masked,0.78,LOW
2026-08-22 14:23:12,Camera_Entrance_01,Person_18,Face & Credentials Masked,0.69,LOW
2026-08-22 14:23:12,Camera_Entrance_01,Person_8,Face & Credentials Masked,0.84,LOW
2026-08-22 14:23:12,Camera_Entrance_01,Person_21,Face & Credentials Masked,0.83,LOW
2026-08-22 14:23:13,Camera_Entrance_01,Person_3,Face & Credentials Masked,0.63,LOW
2026-08-22 14:23:13,Camera_Entrance_01,Person_17,Face & Credentials Masked,0.67,LOW
2026-08-22 14:23:13,Camera_Entrance_01,Person_16,Face & Credentials Masked,0.61,LOW
2026-08-22 14:23:13,Camera_Entrance_01,Person_18,Face & Credentials Masked,0.69,LOW
2026-08-22 14:23:13,Camera_Entrance_01,Person_8,Face & Credentials Masked,0.85,LOW
2026-08-22 14:23:13,Camera_Entrance_01,Person_21,Face & Credentials Masked,0.8,LOW
2026-08-22 14:23:13,Camera_Entrance_01,Person_3,Face & Credentials Masked,0.62,LOW
2026-08-22 14:23:13,Camera_Entrance_01,Person_17,Face & Credentials Masked,0.67,LOW
2026-08-22 14:23:13,Camera_Entrance_01,Person_16,Face & Credentials Masked,0.6,LOW
2026-08-22 14:23:13,Camera_Entrance_01,Person_18,Face & Credentials Masked,0.74,LOW
2026-08-22 14:23:13,Camera_Entrance_01,Person_8,Face & Credentials Masked,0.85,LOW
2026-08-22 14:23:13,Camera_Entrance_01,Person_21,Face & Credentials Masked,0.82,LOW
2026-08-22 14:23:13,Camera_Entrance_01,Person_3,Face & Credentials Masked,0.66,LOW
2026-08-22 14:23:13,Camera_Entrance_01,Person_17,Face & Credentials Masked,0.64,LOW
2026-08-22 14:23:13,Camera_Entrance_01,Person_16,Low Confidence Mask,0.56,MEDIUM
2026-08-22 14:23:13,Camera_Entrance_01,Person_18,Face & Credentials Masked,0.79,LOW
2026-08-22 14:23:13,Camera_Entrance_01,Person_8,Face & Credentials Masked,0.83,LOW
2026-08-22 14:23:13,Camera_Entrance_01,Person_21,Face & Credentials Masked,0.77,LOW
2026-08-22 14:23:13,Camera_Entrance_01,Person_3,Face & Credentials Masked,0.64,LOW
2026-08-22 14:23:13,Camera_Entrance_01,Person_17,Face & Credentials Masked,0.64,LOW
2026-08-22 14:23:13,Camera_Entrance_01,Person_16,Low Confidence Mask,0.47,MEDIUM
2026-08-22 14:23:13,Camera_Entrance_01,Person_18,Face & Credentials Masked,0.79,LOW
2026-08-22 14:23:13,Camera_Entrance_01,Person_8,Face & Credentials Masked,0.82,LOW
2026-08-22 14:23:13,Camera_Entrance_01,Person_21,Face & Credentials Masked,0.78,LOW
2026-08-22 14:23:13,Camera_Entrance_01,Person_3,Low Confidence Mask,0.55,MEDIUM
2026-08-22 14:23:13,Camera_Entrance_01,Person_17,Face & Credentials Masked,0.67,LOW
2026-08-22 14:23:13,Camera_Entrance_01,Person_16,Face & Credentials Masked,0.7,LOW
2026-08-22 14:23:13,Camera_Entrance_01,Person_18,Face & Credentials Masked,0.85,LOW
2026-08-22 14:23:13,Camera_Entrance_01,Person_8,Face & Credentials Masked,0.83,LOW
2026-08-22 14:23:13,Camera_Entrance_01,Person_21,Face & Credentials Masked,0.79,LOW
2026-08-22 14:23:13,Camera_Entrance_01,Person_3,Low Confidence Mask,0.54,MEDIUM
2026-08-22 14:23:13,Camera_Entrance_01,Person_17,Face & Credentials Masked,0.73,LOW
2026-08-22 14:23:13,Camera_Entrance_01,Person_16,Face & Credentials Masked,0.74,LOW
2026-08-22 14:23:13,Camera_Entrance_01,Person_18,Face & Credentials Masked,0.84,LOW
2026-08-22 14:23:13,Camera_Entrance_01,Person_8,Face & Credentials Masked,0.8,LOW
2026-08-22 14:23:13,Camera_Entrance_01,Person_21,Face & Credentials Masked,0.73,LOW
2026-08-22 14:23:13,Camera_Entrance_01,Person_3,Low Confidence Mask,0.57,MEDIUM
2026-08-22 14:23:13,Camera_Entrance_01,Person_17,Face & Credentials Masked,0.66,LOW
2026-08-22 14:23:13,Camera_Entrance_01,Person_16,Face & Credentials Masked,0.78,LOW
2026-08-22 14:23:13,Camera_Entrance_01,Person_18,Face & Credentials Masked,0.83,LOW
2026-08-22 14:23:14,Camera_Entrance_01,Person_8,Face & Credentials Masked,0.76,LOW
2026-08-22 14:23:14,Camera_Entrance_01,Person_21,Face & Credentials Masked,0.8,LOW
2026-08-22 14:23:14,Camera_Entrance_01,Person_3,Low Confidence Mask,0.5,MEDIUM
2026-08-22 14:23:14,Camera_Entrance_01,Person_17,Face & Credentials Masked,0.74,LOW
2026-08-22 14:23:14,Camera_Entrance_01,Person_16,Face & Credentials Masked,0.7,LOW
2026-08-22 14:23:14,Camera_Entrance_01,Person_18,Face & Credentials Masked,0.76,LOW
2026-08-22 14:23:14,Camera_Entrance_01,Person_25,Face & Credentials Masked,0.68,LOW
2026-08-22 14:23:14,Camera_Entrance_01,Person_8,Face & Credentials Masked,0.77,LOW
2026-08-22 14:23:14,Camera_Entrance_01,Person_21,Face & Credentials Masked,0.84,LOW
2026-08-22 14:23:14,Camera_Entrance_01,Person_3,Low Confidence Mask,0.56,MEDIUM
2026-08-22 14:23:14,Camera_Entrance_01,Person_17,Face & Credentials Masked,0.75,LOW
2026-08-22 14:23:14,Camera_Entrance_01,Person_16,Low Confidence Mask,0.42,MEDIUM
2026-08-22 14:23:14,Camera_Entrance_01,Person_18,Face & Credentials Masked,0.71,LOW
2026-08-22 14:23:14,Camera_Entrance_01,Person_25,Face & Credentials Masked,0.63,LOW
2026-08-22 14:23:14,Camera_Entrance_01,Person_26,Face & Credentials Masked,0.78,LOW
2026-08-22 14:23:14,Camera_Entrance_01,Person_8,Face & Credentials Masked,0.76,LOW
2026-08-22 14:23:14,Camera_Entrance_01,Person_21,Face & Credentials Masked,0.87,LOW
2026-08-22 14:23:14,Camera_Entrance_01,Person_3,Face & Credentials Masked,0.66,LOW
2026-08-22 14:23:14,Camera_Entrance_01,Person_17,Face & Credentials Masked,0.69,LOW
2026-08-22 14:23:14,Camera_Entrance_01,Person_16,Face & Credentials Masked,0.67,LOW
2026-08-22 14:23:14,Camera_Entrance_01,Person_18,Face & Credentials Masked,0.63,LOW
2026-08-22 14:23:14,Camera_Entrance_01,Person_25,Low Confidence Mask,0.55,MEDIUM
2026-08-22 14:23:14,Camera_Entrance_01,Person_26,Face & Credentials Masked,0.71,LOW
2026-08-22 14:23:14,Camera_Entrance_01,Person_8,Face & Credentials Masked,0.72,LOW
2026-08-22 14:23:14,Camera_Entrance_01,Person_21,Face & Credentials Masked,0.87,LOW
2026-08-22 14:23:14,Camera_Entrance_01,Person_3,Low Confidence Mask,0.57,MEDIUM
2026-08-22 14:23:14,Camera_Entrance_01,Person_17,Face & Credentials Masked,0.63,LOW
2026-08-22 14:23:14,Camera_Entrance_01,Person_16,Low Confidence Mask,0.54,MEDIUM
2026-08-22 14:23:14,Camera_Entrance_01,Person_18,Face & Credentials Masked,0.65,LOW
2026-08-22 14:23:14,Camera_Entrance_01,Person_25,Low Confidence Mask,0.51,MEDIUM
2026-08-22 14:23:14,Camera_Entrance_01,Person_26,Face & Credentials Masked,0.63,LOW
2026-08-22 14:23:14,Camera_Entrance_01,Person_8,Face & Credentials Masked,0.73,LOW
2026-08-22 14:23:14,Camera_Entrance_01,Person_21,Face & Credentials Masked,0.86,LOW
2026-08-22 14:23:14,Camera_Entrance_01,Person_3,Low Confidence Mask,0.52,MEDIUM
2026-08-22 14:23:14,Camera_Entrance_01,Person_17,Low Confidence Mask,0.54,MEDIUM
2026-08-22 14:23:14,Camera_Entrance_01,Person_16,Low Confidence Mask,0.58,MEDIUM
2026-08-22 14:23:14,Camera_Entrance_01,Person_18,Face & Credentials Masked,0.74,LOW
2026-08-22 14:23:14,Camera_Entrance_01,Person_25,Low Confidence Mask,0.36,MEDIUM
2026-08-22 14:23:14,Camera_Entrance_01,Person_26,Face & Credentials Masked,0.68,LOW
2026-08-22 14:23:14,Camera_Entrance_01,Person_8,Face & Credentials Masked,0.76,LOW
2026-08-22 14:23:14,Camera_Entrance_01,Person_21,Face & Credentials Masked,0.87,LOW
2026-08-22 14:23:14,Camera_Entrance_01,Person_3,Low Confidence Mask,0.53,MEDIUM
2026-08-22 14:23:14,Camera_Entrance_01,Person_17,Low Confidence Mask,0.41,MEDIUM
2026-08-22 14:23:14,Camera_Entrance_01,Person_16,Low Confidence Mask,0.26,MEDIUM
2026-08-22 14:23:14,Camera_Entrance_01,Person_18,Face & Credentials Masked,0.72,LOW
2026-08-22 14:23:14,Camera_Entrance_01,Person_26,Face & Credentials Masked,0.72,LOW
2026-08-22 14:23:14,Camera_Entrance_01,Person_8,Face & Credentials Masked,0.79,LOW
2026-08-22 14:23:14,Camera_Entrance_01,Person_21,Face & Credentials Masked,0.89,LOW
2026-08-22 14:23:14,Camera_Entrance_01,Person_3,Low Confidence Mask,0.51,MEDIUM
2026-08-22 14:23:14,Camera_Entrance_01,Person_16,Face & Credentials Masked,0.64,LOW
2026-08-22 14:23:14,Camera_Entrance_01,Person_18,Face & Credentials Masked,0.74,LOW
2026-08-22 14:23:14,Camera_Entrance_01,Person_26,Face & Credentials Masked,0.67,LOW
2026-08-22 14:23:15,Camera_Entrance_01,Person_8,Face & Credentials Masked,0.77,LOW
2026-08-22 14:23:15,Camera_Entrance_01,Person_21,Face & Credentials Masked,0.9,LOW
2026-08-22 14:23:15,Camera_Entrance_01,Person_3,Low Confidence Mask,0.51,MEDIUM
2026-08-22 14:23:15,Camera_Entrance_01,Person_16,Face & Credentials Masked,0.64,LOW
2026-08-22 14:23:15,Camera_Entrance_01,Person_18,Face & Credentials Masked,0.75,LOW
2026-08-22 14:23:15,Camera_Entrance_01,Person_26,Face & Credentials Masked,0.71,LOW
2026-08-22 14:23:15,Camera_Entrance_01,Person_8,Face & Credentials Masked,0.7,LOW
2026-08-22 14:23:15,Camera_Entrance_01,Person_21,Face & Credentials Masked,0.88,LOW
2026-08-22 14:23:15,Camera_Entrance_01,Person_3,Low Confidence Mask,0.54,MEDIUM
2026-08-22 14:23:15,Camera_Entrance_01,Person_16,Face & Credentials Masked,0.71,LOW
2026-08-22 14:23:15,Camera_Entrance_01,Person_18,Face & Credentials Masked,0.74,LOW
2026-08-22 14:23:15,Camera_Entrance_01,Person_26,Low Confidence Mask,0.56,MEDIUM
2026-08-22 14:23:15,Camera_Entrance_01,Person_8,Face & Credentials Masked,0.76,LOW
2026-08-22 14:23:15,Camera_Entrance_01,Person_21,Face & Credentials Masked,0.86,LOW
2026-08-22 14:23:15,Camera_Entrance_01,Person_3,Low Confidence Mask,0.53,MEDIUM
2026-08-22 14:23:15,Camera_Entrance_01,Person_16,Face & Credentials Masked,0.74,LOW
2026-08-22 14:23:15,Camera_Entrance_01,Person_18,Face & Credentials Masked,0.76,LOW
2026-08-22 14:23:15,Camera_Entrance_01,Person_26,Face & Credentials Masked,0.62,LOW
2026-08-22 14:23:15,Camera_Entrance_01,Person_8,Face & Credentials Masked,0.8,LOW
2026-08-22 14:23:15,Camera_Entrance_01,Person_21,Face & Credentials Masked,0.86,LOW
2026-08-22 14:23:15,Camera_Entrance_01,Person_3,Face & Credentials Masked,0.6,LOW
2026-08-22 14:23:15,Camera_Entrance_01,Person_16,Face & Credentials Masked,0.62,LOW
2026-08-22 14:23:15,Camera_Entrance_01,Person_18,Face & Credentials Masked,0.77,LOW
2026-08-22 14:23:15,Camera_Entrance_01,Person_26,Face & Credentials Masked,0.74,LOW
2026-08-22 14:23:15,Camera_Entrance_01,Person_8,Face & Credentials Masked,0.85,LOW
2026-08-22 14:23:15,Camera_Entrance_01,Person_21,Face & Credentials Masked,0.87,LOW
2026-08-22 14:23:15,Camera_Entrance_01,Person_3,Low Confidence Mask,0.59,MEDIUM
2026-08-22 14:23:15,Camera_Entrance_01,Person_16,Face & Credentials Masked,0.69,LOW
2026-08-22 14:23:15,Camera_Entrance_01,Person_18,Face & Credentials Masked,0.81,LOW
2026-08-22 14:23:15,Camera_Entrance_01,Person_26,Face & Credentials Masked,0.82,LOW
2026-08-22 14:23:15,Camera_Entrance_01,Person_8,Face & Credentials Masked,0.79,LOW
2026-08-22 14:23:15,Camera_Entrance_01,Person_21,Face & Credentials Masked,0.84,LOW
2026-08-22 14:23:15,Camera_Entrance_01,Person_3,Face & Credentials Masked,0.62,LOW
2026-08-22 14:23:15,Camera_Entrance_01,Person_16,Face & Credentials Masked,0.74,LOW
2026-08-22 14:23:15,Camera_Entrance_01,Person_18,Face & Credentials Masked,0.78,LOW
2026-08-22 14:23:15,Camera_Entrance_01,Person_26,Face & Credentials Masked,0.78,LOW
2026-08-22 14:23:15,Camera_Entrance_01,Person_8,Face & Credentials Masked,0.79,LOW
2026-08-22 14:23:15,Camera_Entrance_01,Person_21,Face & Credentials Masked,0.85,LOW
2026-08-22 14:23:15,Camera_Entrance_01,Person_3,Face & Credentials Masked,0.6,LOW
2026-08-22 14:23:15,Camera_Entrance_01,Person_16,Face & Credentials Masked,0.79,LOW
2026-08-22 14:23:15,Camera_Entrance_01,Person_18,Face & Credentials Masked,0.68,LOW
2026-08-22 14:23:15,Camera_Entrance_01,Person_26,Face & Credentials Masked,0.79,LOW
2026-08-22 14:23:16,Camera_Entrance_01,Person_8,Face & Credentials Masked,0.77,LOW
2026-08-22 14:23:16,Camera_Entrance_01,Person_21,Face & Credentials Masked,0.83,LOW
2026-08-22 14:23:16,Camera_Entrance_01,Person_3,Low Confidence Mask,0.46,MEDIUM
2026-08-22 14:23:16,Camera_Entrance_01,Person_16,Face & Credentials Masked,0.78,LOW
2026-08-22 14:23:16,Camera_Entrance_01,Person_18,Face & Credentials Masked,0.64,LOW
2026-08-22 14:23:16,Camera_Entrance_01,Person_26,Face & Credentials Masked,0.8,LOW
2026-08-22 14:23:16,Camera_Entrance_01,Person_8,Face & Credentials Masked,0.66,LOW
2026-08-22 14:23:16,Camera_Entrance_01,Person_21,Face & Credentials Masked,0.83,LOW
2026-08-22 14:23:16,Camera_Entrance_01,Person_3,Low Confidence Mask,0.43,MEDIUM
2026-08-22 14:23:16,Camera_Entrance_01,Person_16,Face & Credentials Masked,0.77,LOW
2026-08-22 14:23:16,Camera_Entrance_01,Person_18,Face & Credentials Masked,0.76,LOW
2026-08-22 14:23:16,Camera_Entrance_01,Person_26,Face & Credentials Masked,0.82,LOW
2026-08-22 14:23:16,Camera_Entrance_01,Person_22,Low Confidence Mask,0.46,MEDIUM
2026-08-22 14:23:16,Camera_Entrance_01,Person_8,Face & Credentials Masked,0.76,LOW
2026-08-22 14:23:16,Camera_Entrance_01,Person_21,Face & Credentials Masked,0.82,LOW
2026-08-22 14:23:16,Camera_Entrance_01,Person_3,Low Confidence Mask,0.39,MEDIUM
2026-08-22 14:23:16,Camera_Entrance_01,Person_16,Face & Credentials Masked,0.6,LOW
2026-08-22 14:23:16,Camera_Entrance_01,Person_18,Face & Credentials Masked,0.77,LOW
2026-08-22 14:23:16,Camera_Entrance_01,Person_26,Face & Credentials Masked,0.81,LOW
2026-08-22 14:23:16,Camera_Entrance_01,Person_22,Low Confidence Mask,0.45,MEDIUM
2026-08-22 14:23:16,Camera_Entrance_01,Person_8,Face & Credentials Masked,0.74,LOW
2026-08-22 14:23:16,Camera_Entrance_01,Person_21,Face & Credentials Masked,0.8,LOW
2026-08-22 14:23:16,Camera_Entrance_01,Person_3,Low Confidence Mask,0.56,MEDIUM
2026-08-22 14:23:16,Camera_Entrance_01,Person_16,Face & Credentials Masked,0.62,LOW
2026-08-22 14:23:16,Camera_Entrance_01,Person_18,Face & Credentials Masked,0.75,LOW
2026-08-22 14:23:16,Camera_Entrance_01,Person_26,Face & Credentials Masked,0.8,LOW
2026-08-22 14:23:16,Camera_Entrance_01,Person_22,Low Confidence Mask,0.32,MEDIUM
2026-08-22 14:23:16,Camera_Entrance_01,Person_8,Face & Credentials Masked,0.72,LOW
2026-08-22 14:23:16,Camera_Entrance_01,Person_21,Face & Credentials Masked,0.76,LOW
2026-08-22 14:23:16,Camera_Entrance_01,Person_3,Low Confidence Mask,0.52,MEDIUM
2026-08-22 14:23:16,Camera_Entrance_01,Person_16,Low Confidence Mask,0.59,MEDIUM
2026-08-22 14:23:16,Camera_Entrance_01,Person_18,Face & Credentials Masked,0.77,LOW
2026-08-22 14:23:16,Camera_Entrance_01,Person_26,Face & Credentials Masked,0.74,LOW
2026-08-22 14:23:16,Camera_Entrance_01,Person_22,Low Confidence Mask,0.51,MEDIUM
2026-08-22 14:23:16,Camera_Entrance_01,Person_8,Face & Credentials Masked,0.67,LOW
2026-08-22 14:23:16,Camera_Entrance_01,Person_21,Face & Credentials Masked,0.8,LOW
2026-08-22 14:23:16,Camera_Entrance_01,Person_3,Low Confidence Mask,0.55,MEDIUM
2026-08-22 14:23:16,Camera_Entrance_01,Person_16,Low Confidence Mask,0.54,MEDIUM
2026-08-22 14:23:16,Camera_Entrance_01,Person_18,Face & Credentials Masked,0.73,LOW
2026-08-22 14:23:16,Camera_Entrance_01,Person_26,Face & Credentials Masked,0.7,LOW
2026-08-22 14:23:16,Camera_Entrance_01,Person_22,Low Confidence Mask,0.58,MEDIUM
2026-08-22 14:23:16,Camera_Entrance_01,Person_17,Face & Credentials Masked,0.63,LOW
2026-08-22 14:23:17,Camera_Entrance_01,Person_8,Face & Credentials Masked,0.71,LOW
2026-08-22 14:23:17,Camera_Entrance_01,Person_21,Face & Credentials Masked,0.79,LOW
2026-08-22 14:23:17,Camera_Entrance_01,Person_3,Low Confidence Mask,0.44,MEDIUM
2026-08-22 14:23:17,Camera_Entrance_01,Person_18,Face & Credentials Masked,0.73,LOW
2026-08-22 14:23:17,Camera_Entrance_01,Person_26,Face & Credentials Masked,0.61,LOW
2026-08-22 14:23:17,Camera_Entrance_01,Person_22,Low Confidence Mask,0.47,MEDIUM
2026-08-22 14:23:17,Camera_Entrance_01,Person_17,Face & Credentials Masked,0.73,LOW
2026-08-22 14:23:17,Camera_Entrance_01,Person_8,Face & Credentials Masked,0.82,LOW
2026-08-22 14:23:17,Camera_Entrance_01,Person_21,Face & Credentials Masked,0.84,LOW
2026-08-22 14:23:17,Camera_Entrance_01,Person_3,Low Confidence Mask,0.46,MEDIUM
2026-08-22 14:23:17,Camera_Entrance_01,Person_18,Face & Credentials Masked,0.76,LOW
2026-08-22 14:23:17,Camera_Entrance_01,Person_26,Low Confidence Mask,0.41,MEDIUM
2026-08-22 14:23:17,Camera_Entrance_01,Person_22,Low Confidence Mask,0.49,MEDIUM
2026-08-22 14:23:17,Camera_Entrance_01,Person_17,Face & Credentials Masked,0.74,LOW
2026-08-22 14:23:17,Camera_Entrance_01,Person_8,Face & Credentials Masked,0.73,LOW
2026-08-22 14:23:17,Camera_Entrance_01,Person_21,Face & Credentials Masked,0.76,LOW
2026-08-22 14:23:17,Camera_Entrance_01,Person_3,Low Confidence Mask,0.45,MEDIUM
2026-08-22 14:23:17,Camera_Entrance_01,Person_18,Face & Credentials Masked,0.78,LOW
2026-08-22 14:23:17,Camera_Entrance_01,Person_26,Face & Credentials Masked,0.62,LOW
2026-08-22 14:23:17,Camera_Entrance_01,Person_22,Low Confidence Mask,0.47,MEDIUM
2026-08-22 14:23:17,Camera_Entrance_01,Person_17,Face & Credentials Masked,0.65,LOW
2026-08-22 14:23:17,Camera_Entrance_01,Person_8,Face & Credentials Masked,0.76,LOW
2026-08-22 14:23:17,Camera_Entrance_01,Person_21,Face & Credentials Masked,0.77,LOW
2026-08-22 14:23:17,Camera_Entrance_01,Person_3,Low Confidence Mask,0.47,MEDIUM
2026-08-22 14:23:17,Camera_Entrance_01,Person_18,Face & Credentials Masked,0.79,LOW
2026-08-22 14:23:17,Camera_Entrance_01,Person_26,Face & Credentials Masked,0.64,LOW
2026-08-22 14:23:17,Camera_Entrance_01,Person_22,Low Confidence Mask,0.53,MEDIUM
2026-08-22 14:23:17,Camera_Entrance_01,Person_17,Face & Credentials Masked,0.67,LOW
2026-08-22 14:23:17,Camera_Entrance_01,Person_8,Face & Credentials Masked,0.78,LOW
2026-08-22 14:23:17,Camera_Entrance_01,Person_21,Face & Credentials Masked,0.8,LOW
2026-08-22 14:23:17,Camera_Entrance_01,Person_3,Low Confidence Mask,0.33,MEDIUM
2026-08-22 14:23:17,Camera_Entrance_01,Person_18,Face & Credentials Masked,0.78,LOW
2026-08-22 14:23:17,Camera_Entrance_01,Person_26,Low Confidence Mask,0.57,MEDIUM
2026-08-22 14:23:17,Camera_Entrance_01,Person_22,Low Confidence Mask,0.55,MEDIUM
2026-08-22 14:23:17,Camera_Entrance_01,Person_17,Face & Credentials Masked,0.65,LOW
2026-08-22 14:23:17,Camera_Entrance_01,Person_8,Face & Credentials Masked,0.81,LOW
2026-08-22 14:23:17,Camera_Entrance_01,Person_21,Face & Credentials Masked,0.8,LOW
2026-08-22 14:23:17,Camera_Entrance_01,Person_3,Low Confidence Mask,0.42,MEDIUM
2026-08-22 14:23:17,Camera_Entrance_01,Person_18,Face & Credentials Masked,0.78,LOW
2026-08-22 14:23:17,Camera_Entrance_01,Person_26,Low Confidence Mask,0.43,MEDIUM
2026-08-22 14:23:17,Camera_Entrance_01,Person_22,Low Confidence Mask,0.55,MEDIUM
2026-08-22 14:23:17,Camera_Entrance_01,Person_17,Face & Credentials Masked,0.68,LOW
2026-08-22 14:23:17,Camera_Entrance_01,Person_28,Face & Credentials Masked,0.61,LOW
2026-08-22 14:23:18,Camera_Entrance_01,Person_8,Face & Credentials Masked,0.8,LOW
2026-08-22 14:23:18,Camera_Entrance_01,Person_21,Face & Credentials Masked,0.84,LOW
2026-08-22 14:23:18,Camera_Entrance_01,Person_3,Low Confidence Mask,0.35,MEDIUM
2026-08-22 14:23:18,Camera_Entrance_01,Person_18,Face & Credentials Masked,0.75,LOW
2026-08-22 14:23:18,Camera_Entrance_01,Person_26,Low Confidence Mask,0.36,MEDIUM
2026-08-22 14:23:18,Camera_Entrance_01,Person_22,Low Confidence Mask,0.45,MEDIUM
2026-08-22 14:23:18,Camera_Entrance_01,Person_17,Face & Credentials Masked,0.7,LOW
2026-08-22 14:23:18,Camera_Entrance_01,Person_8,Face & Credentials Masked,0.8,LOW
2026-08-22 14:23:18,Camera_Entrance_01,Person_21,Face & Credentials Masked,0.83,LOW
2026-08-22 14:23:18,Camera_Entrance_01,Person_18,Face & Credentials Masked,0.74,LOW
2026-08-22 14:23:18,Camera_Entrance_01,Person_26,Low Confidence Mask,0.44,MEDIUM
2026-08-22 14:23:18,Camera_Entrance_01,Person_22,Low Confidence Mask,0.36,MEDIUM
2026-08-22 14:23:18,Camera_Entrance_01,Person_17,Face & Credentials Masked,0.65,LOW
2026-08-22 14:23:18,Camera_Entrance_01,Person_8,Face & Credentials Masked,0.77,LOW
2026-08-22 14:23:18,Camera_Entrance_01,Person_21,Face & Credentials Masked,0.84,LOW
2026-08-22 14:23:18,Camera_Entrance_01,Person_18,Face & Credentials Masked,0.75,LOW
2026-08-22 14:23:18,Camera_Entrance_01,Person_26,Low Confidence Mask,0.35,MEDIUM
2026-08-22 14:23:18,Camera_Entrance_01,Person_22,Low Confidence Mask,0.33,MEDIUM
2026-08-22 14:23:18,Camera_Entrance_01,Person_17,Face & Credentials Masked,0.69,LOW
2026-08-22 14:23:18,Camera_Entrance_01,Person_16,Low Confidence Mask,0.29,MEDIUM
2026-08-22 14:23:18,Camera_Entrance_01,Person_8,Face & Credentials Masked,0.7,LOW
2026-08-22 14:23:18,Camera_Entrance_01,Person_21,Face & Credentials Masked,0.85,LOW
2026-08-22 14:23:18,Camera_Entrance_01,Person_18,Face & Credentials Masked,0.69,LOW
2026-08-22 14:23:18,Camera_Entrance_01,Person_22,Low Confidence Mask,0.48,MEDIUM
2026-08-22 14:23:18,Camera_Entrance_01,Person_17,Face & Credentials Masked,0.74,LOW
2026-08-22 14:23:18,Camera_Entrance_01,Person_16,Low Confidence Mask,0.55,MEDIUM
2026-08-22 14:23:18,Camera_Entrance_01,Person_3,Low Confidence Mask,0.28,MEDIUM
2026-08-22 14:23:18,Camera_Entrance_01,Person_8,Face & Credentials Masked,0.75,LOW
2026-08-22 14:23:18,Camera_Entrance_01,Person_21,Face & Credentials Masked,0.84,LOW
2026-08-22 14:23:18,Camera_Entrance_01,Person_18,Face & Credentials Masked,0.68,LOW
2026-08-22 14:23:18,Camera_Entrance_01,Person_22,Low Confidence Mask,0.37,MEDIUM
2026-08-22 14:23:18,Camera_Entrance_01,Person_17,Face & Credentials Masked,0.72,LOW
2026-08-22 14:23:18,Camera_Entrance_01,Person_16,Face & Credentials Masked,0.66,LOW
2026-08-22 14:23:18,Camera_Entrance_01,Person_29,Face & Credentials Masked,0.79,LOW
2026-08-22 14:23:18,Camera_Entrance_01,Person_8,Face & Credentials Masked,0.76,LOW
2026-08-22 14:23:18,Camera_Entrance_01,Person_21,Face & Credentials Masked,0.83,LOW
2026-08-22 14:23:18,Camera_Entrance_01,Person_18,Face & Credentials Masked,0.69,LOW
2026-08-22 14:23:18,Camera_Entrance_01,Person_22,Low Confidence Mask,0.29,MEDIUM
2026-08-22 14:23:18,Camera_Entrance_01,Person_17,Face & Credentials Masked,0.72,LOW
2026-08-22 14:23:18,Camera_Entrance_01,Person_16,Face & Credentials Masked,0.61,LOW
2026-08-22 14:23:18,Camera_Entrance_01,Person_29,Face & Credentials Masked,0.8,LOW
2026-08-22 14:23:18,Camera_Entrance_01,Person_8,Face & Credentials Masked,0.65,LOW
2026-08-22 14:23:18,Camera_Entrance_01,Person_21,Face & Credentials Masked,0.84,LOW
2026-08-22 14:23:18,Camera_Entrance_01,Person_18,Face & Credentials Masked,0.71,LOW
2026-08-22 14:23:18,Camera_Entrance_01,Person_22,Low Confidence Mask,0.28,MEDIUM
2026-08-22 14:23:18,Camera_Entrance_01,Person_17,Face & Credentials Masked,0.76,LOW
2026-08-22 14:23:19,Camera_Entrance_01,Person_16,Face & Credentials Masked,0.68,LOW
2026-08-22 14:23:19,Camera_Entrance_01,Person_29,Face & Credentials Masked,0.81,LOW
2026-08-22 14:23:19,Camera_Entrance_01,Person_8,Face & Credentials Masked,0.65,LOW
2026-08-22 14:23:19,Camera_Entrance_01,Person_21,Face & Credentials Masked,0.84,LOW
2026-08-22 14:23:19,Camera_Entrance_01,Person_18,Face & Credentials Masked,0.65,LOW
2026-08-22 14:23:19,Camera_Entrance_01,Person_17,Face & Credentials Masked,0.78,LOW
2026-08-22 14:23:19,Camera_Entrance_01,Person_16,Face & Credentials Masked,0.66,LOW
2026-08-22 14:23:19,Camera_Entrance_01,Person_29,Face & Credentials Masked,0.8,LOW
2026-08-22 14:23:19,Camera_Entrance_01,Person_8,Face & Credentials Masked,0.67,LOW
2026-08-22 14:23:19,Camera_Entrance_01,Person_21,Face & Credentials Masked,0.82,LOW
2026-08-22 14:23:19,Camera_Entrance_01,Person_18,Face & Credentials Masked,0.62,LOW
2026-08-22 14:23:19,Camera_Entrance_01,Person_17,Face & Credentials Masked,0.75,LOW
2026-08-22 14:23:19,Camera_Entrance_01,Person_16,Face & Credentials Masked,0.66,LOW
2026-08-22 14:23:19,Camera_Entrance_01,Person_29,Face & Credentials Masked,0.82,LOW
2026-08-22 14:23:19,Camera_Entrance_01,Person_8,Face & Credentials Masked,0.6,LOW
2026-08-22 14:23:19,Camera_Entrance_01,Person_21,Face & Credentials Masked,0.84,LOW
2026-08-22 14:23:19,Camera_Entrance_01,Person_18,Low Confidence Mask,0.3,MEDIUM
2026-08-22 14:23:19,Camera_Entrance_01,Person_17,Face & Credentials Masked,0.76,LOW
2026-08-22 14:23:19,Camera_Entrance_01,Person_16,Face & Credentials Masked,0.67,LOW
2026-08-22 14:23:19,Camera_Entrance_01,Person_29,Face & Credentials Masked,0.81,LOW
2026-08-22 14:23:19,Camera_Entrance_01,Person_8,Face & Credentials Masked,0.72,LOW
2026-08-22 14:23:19,Camera_Entrance_01,Person_21,Face & Credentials Masked,0.85,LOW
2026-08-22 14:23:19,Camera_Entrance_01,Person_17,Face & Credentials Masked,0.73,LOW
2026-08-22 14:23:19,Camera_Entrance_01,Person_16,Face & Credentials Masked,0.74,LOW
2026-08-22 14:23:19,Camera_Entrance_01,Person_29,Face & Credentials Masked,0.83,LOW
2026-08-22 14:23:19,Camera_Entrance_01,Person_8,Face & Credentials Masked,0.82,LOW
2026-08-22 14:23:19,Camera_Entrance_01,Person_21,Face & Credentials Masked,0.88,LOW
2026-08-22 14:23:19,Camera_Entrance_01,Person_17,Face & Credentials Masked,0.72,LOW
2026-08-22 14:23:19,Camera_Entrance_01,Person_16,Face & Credentials Masked,0.73,LOW
2026-08-22 14:23:19,Camera_Entrance_01,Person_29,Face & Credentials Masked,0.84,LOW
2026-08-22 14:23:19,Camera_Entrance_01,Person_8,Face & Credentials Masked,0.81,LOW
2026-08-22 14:23:19,Camera_Entrance_01,Person_21,Face & Credentials Masked,0.86,LOW
2026-08-22 14:23:19,Camera_Entrance_01,Person_17,Face & Credentials Masked,0.77,LOW
2026-08-22 14:23:19,Camera_Entrance_01,Person_16,Face & Credentials Masked,0.74,LOW
2026-08-22 14:23:19,Camera_Entrance_01,Person_29,Face & Credentials Masked,0.86,LOW
2026-08-22 14:23:20,Camera_Entrance_01,Person_8,Face & Credentials Masked,0.84,LOW
2026-08-22 14:23:20,Camera_Entrance_01,Person_21,Face & Credentials Masked,0.85,LOW
2026-08-22 14:23:20,Camera_Entrance_01,Person_17,Face & Credentials Masked,0.7,LOW
2026-08-22 14:23:20,Camera_Entrance_01,Person_16,Face & Credentials Masked,0.69,LOW
2026-08-22 14:23:20,Camera_Entrance_01,Person_29,Face & Credentials Masked,0.85,LOW
2026-08-22 14:23:20,Camera_Entrance_01,Person_8,Face & Credentials Masked,0.87,LOW
2026-08-22 14:23:20,Camera_Entrance_01,Person_21,Face & Credentials Masked,0.86,LOW
2026-08-22 14:23:20,Camera_Entrance_01,Person_17,Face & Credentials Masked,0.74,LOW
2026-08-22 14:23:20,Camera_Entrance_01,Person_16,Face & Credentials Masked,0.73,LOW
2026-08-22 14:23:20,Camera_Entrance_01,Person_29,Face & Credentials Masked,0.83,LOW
2026-08-22 14:23:20,Camera_Entrance_01,Person_30,Face & Credentials Masked,0.67,LOW
2026-08-22 14:23:20,Camera_Entrance_01,Person_8,Face & Credentials Masked,0.85,LOW
2026-08-22 14:23:20,Camera_Entrance_01,Person_21,Face & Credentials Masked,0.79,LOW
2026-08-22 14:23:20,Camera_Entrance_01,Person_17,Face & Credentials Masked,0.7,LOW
2026-08-22 14:23:20,Camera_Entrance_01,Person_16,Face & Credentials Masked,0.78,LOW
2026-08-22 14:23:20,Camera_Entrance_01,Person_29,Face & Credentials Masked,0.82,LOW
2026-08-22 14:23:20,Camera_Entrance_01,Person_30,Face & Credentials Masked,0.71,LOW
2026-08-22 14:23:20,Camera_Entrance_01,Person_8,Face & Credentials Masked,0.86,LOW
2026-08-22 14:23:20,Camera_Entrance_01,Person_21,Face & Credentials Masked,0.81,LOW
2026-08-22 14:23:20,Camera_Entrance_01,Person_17,Face & Credentials Masked,0.73,LOW
2026-08-22 14:23:20,Camera_Entrance_01,Person_16,Face & Credentials Masked,0.73,LOW
2026-08-22 14:23:20,Camera_Entrance_01,Person_29,Face & Credentials Masked,0.8,LOW
2026-08-22 14:23:20,Camera_Entrance_01,Person_30,Face & Credentials Masked,0.76,LOW
2026-08-22 14:23:20,Camera_Entrance_01,Person_8,Face & Credentials Masked,0.84,LOW
2026-08-22 14:23:20,Camera_Entrance_01,Person_21,Face & Credentials Masked,0.82,LOW
2026-08-22 14:23:20,Camera_Entrance_01,Person_17,Face & Credentials Masked,0.69,LOW
2026-08-22 14:23:20,Camera_Entrance_01,Person_16,Face & Credentials Masked,0.76,LOW
2026-08-22 14:23:20,Camera_Entrance_01,Person_29,Face & Credentials Masked,0.8,LOW
2026-08-22 14:23:20,Camera_Entrance_01,Person_30,Face & Credentials Masked,0.78,LOW
2026-08-22 14:23:20,Camera_Entrance_01,Person_8,Face & Credentials Masked,0.84,LOW
2026-08-22 14:23:20,Camera_Entrance_01,Person_21,Face & Credentials Masked,0.7,LOW
2026-08-22 14:23:20,Camera_Entrance_01,Person_17,Face & Credentials Masked,0.61,LOW
2026-08-22 14:23:20,Camera_Entrance_01,Person_16,Face & Credentials Masked,0.75,LOW
2026-08-22 14:23:20,Camera_Entrance_01,Person_29,Face & Credentials Masked,0.81,LOW
2026-08-22 14:23:20,Camera_Entrance_01,Person_30,Face & Credentials Masked,0.76,LOW
2026-08-22 14:23:20,Camera_Entrance_01,Person_28,Low Confidence Mask,0.35,MEDIUM
2026-08-22 14:23:20,Camera_Entrance_01,Person_8,Face & Credentials Masked,0.83,LOW
2026-08-22 14:23:20,Camera_Entrance_01,Person_21,Face & Credentials Masked,0.74,LOW
2026-08-22 14:23:20,Camera_Entrance_01,Person_17,Face & Credentials Masked,0.68,LOW
2026-08-22 14:23:20,Camera_Entrance_01,Person_16,Face & Credentials Masked,0.71,LOW
2026-08-22 14:23:20,Camera_Entrance_01,Person_29,Face & Credentials Masked,0.81,LOW
2026-08-22 14:23:20,Camera_Entrance_01,Person_30,Face & Credentials Masked,0.73,LOW
2026-08-22 14:23:20,Camera_Entrance_01,Person_32,Face & Credentials Masked,0.7,LOW
2026-08-22 14:23:20,Camera_Entrance_01,Person_28,Low Confidence Mask,0.42,MEDIUM
2026-08-22 14:23:21,Camera_Entrance_01,Person_8,Face & Credentials Masked,0.78,LOW
2026-08-22 14:23:21,Camera_Entrance_01,Person_21,Face & Credentials Masked,0.74,LOW
2026-08-22 14:23:21,Camera_Entrance_01,Person_17,Face & Credentials Masked,0.71,LOW
2026-08-22 14:23:21,Camera_Entrance_01,Person_16,Face & Credentials Masked,0.72,LOW
2026-08-22 14:23:21,Camera_Entrance_01,Person_29,Face & Credentials Masked,0.81,LOW
2026-08-22 14:23:21,Camera_Entrance_01,Person_30,Face & Credentials Masked,0.68,LOW
2026-08-22 14:23:21,Camera_Entrance_01,Person_32,Face & Credentials Masked,0.68,LOW
2026-08-22 14:23:21,Camera_Entrance_01,Person_28,Face & Credentials Masked,0.66,LOW
2026-08-22 14:23:21,Camera_Entrance_01,Person_8,Face & Credentials Masked,0.78,LOW
2026-08-22 14:23:21,Camera_Entrance_01,Person_21,Face & Credentials Masked,0.79,LOW
2026-08-22 14:23:21,Camera_Entrance_01,Person_17,Face & Credentials Masked,0.66,LOW
2026-08-22 14:23:21,Camera_Entrance_01,Person_16,Face & Credentials Masked,0.71,LOW
2026-08-22 14:23:21,Camera_Entrance_01,Person_29,Face & Credentials Masked,0.82,LOW
2026-08-22 14:23:21,Camera_Entrance_01,Person_30,Face & Credentials Masked,0.64,LOW
2026-08-22 14:23:21,Camera_Entrance_01,Person_32,Face & Credentials Masked,0.7,LOW
2026-08-22 14:23:21,Camera_Entrance_01,Person_28,Face & Credentials Masked,0.7,LOW
2026-08-22 14:23:21,Camera_Entrance_01,Person_8,Face & Credentials Masked,0.74,LOW
2026-08-22 14:23:21,Camera_Entrance_01,Person_21,Face & Credentials Masked,0.86,LOW
2026-08-22 14:23:21,Camera_Entrance_01,Person_17,Low Confidence Mask,0.54,MEDIUM
2026-08-22 14:23:21,Camera_Entrance_01,Person_16,Face & Credentials Masked,0.75,LOW
2026-08-22 14:23:21,Camera_Entrance_01,Person_29,Face & Credentials Masked,0.83,LOW
2026-08-22 14:23:21,Camera_Entrance_01,Person_30,Face & Credentials Masked,0.71,LOW
2026-08-22 14:23:21,Camera_Entrance_01,Person_32,Face & Credentials Masked,0.66,LOW
2026-08-22 14:23:21,Camera_Entrance_01,Person_28,Face & Credentials Masked,0.73,LOW
2026-08-22 14:23:21,Camera_Entrance_01,Person_8,Face & Credentials Masked,0.78,LOW
2026-08-22 14:23:21,Camera_Entrance_01,Person_21,Face & Credentials Masked,0.81,LOW
2026-08-22 14:23:21,Camera_Entrance_01,Person_17,Face & Credentials Masked,0.63,LOW
2026-08-22 14:23:21,Camera_Entrance_01,Person_16,Face & Credentials Masked,0.75,LOW
2026-08-22 14:23:21,Camera_Entrance_01,Person_29,Face & Credentials Masked,0.83,LOW
2026-08-22 14:23:21,Camera_Entrance_01,Person_30,Face & Credentials Masked,0.72,LOW
2026-08-22 14:23:21,Camera_Entrance_01,Person_32,Face & Credentials Masked,0.64,LOW
2026-08-22 14:23:21,Camera_Entrance_01,Person_28,Face & Credentials Masked,0.77,LOW
2026-08-22 14:23:21,Camera_Entrance_01,Person_8,Face & Credentials Masked,0.79,LOW
2026-08-22 14:23:21,Camera_Entrance_01,Person_21,Face & Credentials Masked,0.81,LOW
2026-08-22 14:23:21,Camera_Entrance_01,Person_17,Face & Credentials Masked,0.65,LOW
2026-08-22 14:23:21,Camera_Entrance_01,Person_16,Face & Credentials Masked,0.72,LOW
2026-08-22 14:23:21,Camera_Entrance_01,Person_29,Face & Credentials Masked,0.83,LOW
2026-08-22 14:23:21,Camera_Entrance_01,Person_30,Face & Credentials Masked,0.72,LOW
2026-08-22 14:23:21,Camera_Entrance_01,Person_32,Face & Credentials Masked,0.61,LOW
2026-08-22 14:23:21,Camera_Entrance_01,Person_28,Face & Credentials Masked,0.75,LOW
2026-08-22 14:23:21,Camera_Entrance_01,Person_8,Face & Credentials Masked,0.79,LOW
2026-08-22 14:23:21,Camera_Entrance_01,Person_21,Face & Credentials Masked,0.84,LOW
2026-08-22 14:23:21,Camera_Entrance_01,Person_17,Face & Credentials Masked,0.65,LOW
2026-08-22 14:23:21,Camera_Entrance_01,Person_16,Face & Credentials Masked,0.77,LOW
2026-08-22 14:23:21,Camera_Entrance_01,Person_29,Face & Credentials Masked,0.83,LOW
2026-08-22 14:23:21,Camera_Entrance_01,Person_30,Face & Credentials Masked,0.71,LOW
2026-08-22 14:23:21,Camera_Entrance_01,Person_32,Low Confidence Mask,0.54,MEDIUM
2026-08-22 14:23:21,Camera_Entrance_01,Person_28,Face & Credentials Masked,0.78,LOW
2026-08-22 14:23:22,Camera_Entrance_01,Person_8,Face & Credentials Masked,0.86,LOW
2026-08-22 14:23:22,Camera_Entrance_01,Person_21,Face & Credentials Masked,0.87,LOW
2026-08-22 14:23:22,Camera_Entrance_01,Person_17,Face & Credentials Masked,0.6,LOW
2026-08-22 14:23:22,Camera_Entrance_01,Person_16,Face & Credentials Masked,0.76,LOW
2026-08-22 14:23:22,Camera_Entrance_01,Person_29,Face & Credentials Masked,0.82,LOW
2026-08-22 14:23:22,Camera_Entrance_01,Person_30,Face & Credentials Masked,0.72,LOW
2026-08-22 14:23:22,Camera_Entrance_01,Person_32,Low Confidence Mask,0.5,MEDIUM
2026-08-22 14:23:22,Camera_Entrance_01,Person_28,Face & Credentials Masked,0.73,LOW
2026-08-22 14:23:22,Camera_Entrance_01,Person_8,Face & Credentials Masked,0.86,LOW
2026-08-22 14:23:22,Camera_Entrance_01,Person_21,Face & Credentials Masked,0.85,LOW
2026-08-22 14:23:22,Camera_Entrance_01,Person_17,Low Confidence Mask,0.55,MEDIUM
2026-08-22 14:23:22,Camera_Entrance_01,Person_16,Face & Credentials Masked,0.76,LOW
2026-08-22 14:23:22,Camera_Entrance_01,Person_29,Face & Credentials Masked,0.81,LOW
2026-08-22 14:23:22,Camera_Entrance_01,Person_30,Face & Credentials Masked,0.71,LOW
2026-08-22 14:23:22,Camera_Entrance_01,Person_32,Face & Credentials Masked,0.68,LOW
2026-08-22 14:23:22,Camera_Entrance_01,Person_28,Face & Credentials Masked,0.76,LOW
2026-08-22 14:23:22,Camera_Entrance_01,Person_8,Face & Credentials Masked,0.86,LOW
2026-08-22 14:23:22,Camera_Entrance_01,Person_21,Face & Credentials Masked,0.85,LOW
2026-08-22 14:23:22,Camera_Entrance_01,Person_17,Low Confidence Mask,0.58,MEDIUM
2026-08-22 14:23:22,Camera_Entrance_01,Person_16,Face & Credentials Masked,0.77,LOW
2026-08-22 14:23:22,Camera_Entrance_01,Person_29,Face & Credentials Masked,0.82,LOW
2026-08-22 14:23:22,Camera_Entrance_01,Person_30,Face & Credentials Masked,0.69,LOW
2026-08-22 14:23:22,Camera_Entrance_01,Person_32,Face & Credentials Masked,0.63,LOW
2026-08-22 14:23:22,Camera_Entrance_01,Person_28,Face & Credentials Masked,0.73,LOW
2026-08-22 14:23:22,Camera_Entrance_01,Person_8,Face & Credentials Masked,0.88,LOW
2026-08-22 14:23:22,Camera_Entrance_01,Person_21,Face & Credentials Masked,0.85,LOW
2026-08-22 14:23:22,Camera_Entrance_01,Person_17,Face & Credentials Masked,0.66,LOW
2026-08-22 14:23:22,Camera_Entrance_01,Person_16,Face & Credentials Masked,0.8,LOW
2026-08-22 14:23:22,Camera_Entrance_01,Person_29,Face & Credentials Masked,0.81,LOW
2026-08-22 14:23:22,Camera_Entrance_01,Person_30,Face & Credentials Masked,0.6,LOW
2026-08-22 14:23:22,Camera_Entrance_01,Person_32,Face & Credentials Masked,0.66,LOW
2026-08-22 14:23:22,Camera_Entrance_01,Person_28,Face & Credentials Masked,0.76,LOW
2026-08-22 14:23:22,Camera_Entrance_01,Person_8,Face & Credentials Masked,0.86,LOW
2026-08-22 14:23:22,Camera_Entrance_01,Person_21,Face & Credentials Masked,0.76,LOW
2026-08-22 14:23:22,Camera_Entrance_01,Person_17,Face & Credentials Masked,0.69,LOW
2026-08-22 14:23:22,Camera_Entrance_01,Person_16,Face & Credentials Masked,0.8,LOW
2026-08-22 14:23:22,Camera_Entrance_01,Person_29,Face & Credentials Masked,0.82,LOW
2026-08-22 14:23:22,Camera_Entrance_01,Person_30,Low Confidence Mask,0.58,MEDIUM
2026-08-22 14:23:22,Camera_Entrance_01,Person_32,Face & Credentials Masked,0.69,LOW
2026-08-22 14:23:22,Camera_Entrance_01,Person_28,Face & Credentials Masked,0.74,LOW
2026-08-22 14:23:22,Camera_Entrance_01,Person_8,Face & Credentials Masked,0.85,LOW
2026-08-22 14:23:22,Camera_Entrance_01,Person_21,Face & Credentials Masked,0.78,LOW
2026-08-22 14:23:22,Camera_Entrance_01,Person_17,Face & Credentials Masked,0.69,LOW
2026-08-22 14:23:22,Camera_Entrance_01,Person_16,Face & Credentials Masked,0.77,LOW
2026-08-22 14:23:22,Camera_Entrance_01,Person_29,Face & Credentials Masked,0.83,LOW
2026-08-22 14:23:22,Camera_Entrance_01,Person_30,Face & Credentials Masked,0.69,LOW
2026-08-22 14:23:22,Camera_Entrance_01,Person_32,Face & Credentials Masked,0.63,LOW
2026-08-22 14:23:22,Camera_Entrance_01,Person_28,Face & Credentials Masked,0.77,LOW
2026-08-22 14:23:23,Camera_Entrance_01,Person_8,Face & Credentials Masked,0.85,LOW
2026-08-22 14:23:23,Camera_Entrance_01,Person_21,Face & Credentials Masked,0.76,LOW
2026-08-22 14:23:23,Camera_Entrance_01,Person_17,Face & Credentials Masked,0.7,LOW
2026-08-22 14:23:23,Camera_Entrance_01,Person_16,Face & Credentials Masked,0.75,LOW
2026-08-22 14:23:23,Camera_Entrance_01,Person_29,Face & Credentials Masked,0.83,LOW
2026-08-22 14:23:23,Camera_Entrance_01,Person_30,Face & Credentials Masked,0.69,LOW
2026-08-22 14:23:23,Camera_Entrance_01,Person_32,Face & Credentials Masked,0.62,LOW
2026-08-22 14:23:23,Camera_Entrance_01,Person_28,Face & Credentials Masked,0.79,LOW
2026-08-22 14:23:23,Camera_Entrance_01,Person_8,Face & Credentials Masked,0.78,LOW
2026-08-22 14:23:23,Camera_Entrance_01,Person_21,Face & Credentials Masked,0.65,LOW
2026-08-22 14:23:23,Camera_Entrance_01,Person_17,Face & Credentials Masked,0.62,LOW
2026-08-22 14:23:23,Camera_Entrance_01,Person_16,Face & Credentials Masked,0.78,LOW
2026-08-22 14:23:23,Camera_Entrance_01,Person_29,Face & Credentials Masked,0.84,LOW
2026-08-22 14:23:23,Camera_Entrance_01,Person_30,Face & Credentials Masked,0.72,LOW
2026-08-22 14:23:23,Camera_Entrance_01,Person_32,Face & Credentials Masked,0.67,LOW
2026-08-22 14:23:23,Camera_Entrance_01,Person_28,Face & Credentials Masked,0.79,LOW
2026-08-22 14:23:23,Camera_Entrance_01,Person_8,Face & Credentials Masked,0.7,LOW
2026-08-22 14:23:23,Camera_Entrance_01,Person_21,Face & Credentials Masked,0.61,LOW
2026-08-22 14:23:23,Camera_Entrance_01,Person_17,Low Confidence Mask,0.55,MEDIUM
2026-08-22 14:23:23,Camera_Entrance_01,Person_16,Face & Credentials Masked,0.81,LOW
2026-08-22 14:23:23,Camera_Entrance_01,Person_29,Face & Credentials Masked,0.84,LOW
2026-08-22 14:23:23,Camera_Entrance_01,Person_30,Face & Credentials Masked,0.65,LOW
2026-08-22 14:23:23,Camera_Entrance_01,Person_32,Face & Credentials Masked,0.64,LOW
2026-08-22 14:23:23,Camera_Entrance_01,Person_28,Face & Credentials Masked,0.79,LOW
2026-08-22 14:23:23,Camera_Entrance_01,Person_8,Low Confidence Mask,0.53,MEDIUM
2026-08-22 14:23:23,Camera_Entrance_01,Person_21,Low Confidence Mask,0.59,MEDIUM
2026-08-22 14:23:23,Camera_Entrance_01,Person_17,Low Confidence Mask,0.57,MEDIUM
2026-08-22 14:23:23,Camera_Entrance_01,Person_16,Face & Credentials Masked,0.77,LOW
2026-08-22 14:23:23,Camera_Entrance_01,Person_29,Face & Credentials Masked,0.85,LOW
2026-08-22 14:23:23,Camera_Entrance_01,Person_30,Face & Credentials Masked,0.67,LOW
2026-08-22 14:23:23,Camera_Entrance_01,Person_32,Face & Credentials Masked,0.74,LOW
2026-08-22 14:23:23,Camera_Entrance_01,Person_28,Face & Credentials Masked,0.79,LOW
2026-08-22 14:23:23,Camera_Entrance_01,Person_8,Low Confidence Mask,0.34,MEDIUM
2026-08-22 14:23:23,Camera_Entrance_01,Person_21,Low Confidence Mask,0.59,MEDIUM
2026-08-22 14:23:23,Camera_Entrance_01,Person_17,Low Confidence Mask,0.55,MEDIUM
2026-08-22 14:23:23,Camera_Entrance_01,Person_16,Face & Credentials Masked,0.8,LOW
2026-08-22 14:23:23,Camera_Entrance_01,Person_29,Face & Credentials Masked,0.84,LOW
2026-08-22 14:23:23,Camera_Entrance_01,Person_30,Face & Credentials Masked,0.67,LOW
2026-08-22 14:23:23,Camera_Entrance_01,Person_32,Face & Credentials Masked,0.71,LOW
2026-08-22 14:23:23,Camera_Entrance_01,Person_28,Face & Credentials Masked,0.8,LOW
2026-08-22 14:23:24,Camera_Entrance_01,Person_21,Face & Credentials Masked,0.75,LOW
2026-08-22 14:23:24,Camera_Entrance_01,Person_17,Low Confidence Mask,0.54,MEDIUM
2026-08-22 14:23:24,Camera_Entrance_01,Person_16,Face & Credentials Masked,0.78,LOW
2026-08-22 14:23:24,Camera_Entrance_01,Person_29,Face & Credentials Masked,0.83,LOW
2026-08-22 14:23:24,Camera_Entrance_01,Person_30,Face & Credentials Masked,0.7,LOW
2026-08-22 14:23:24,Camera_Entrance_01,Person_32,Face & Credentials Masked,0.75,LOW
2026-08-22 14:23:24,Camera_Entrance_01,Person_28,Face & Credentials Masked,0.74,LOW
2026-08-22 14:23:24,Camera_Entrance_01,Person_21,Face & Credentials Masked,0.83,LOW
2026-08-22 14:23:24,Camera_Entrance_01,Person_17,Low Confidence Mask,0.54,MEDIUM
2026-08-22 14:23:24,Camera_Entrance_01,Person_16,Face & Credentials Masked,0.73,LOW
2026-08-22 14:23:24,Camera_Entrance_01,Person_29,Face & Credentials Masked,0.85,LOW
2026-08-22 14:23:24,Camera_Entrance_01,Person_30,Face & Credentials Masked,0.69,LOW
2026-08-22 14:23:24,Camera_Entrance_01,Person_32,Face & Credentials Masked,0.77,LOW
2026-08-22 14:23:24,Camera_Entrance_01,Person_28,Face & Credentials Masked,0.73,LOW
2026-08-22 14:23:24,Camera_Entrance_01,Person_21,Face & Credentials Masked,0.83,LOW
2026-08-22 14:23:24,Camera_Entrance_01,Person_17,Low Confidence Mask,0.57,MEDIUM
2026-08-22 14:23:24,Camera_Entrance_01,Person_16,Face & Credentials Masked,0.64,LOW
2026-08-22 14:23:24,Camera_Entrance_01,Person_29,Face & Credentials Masked,0.84,LOW
2026-08-22 14:23:24,Camera_Entrance_01,Person_30,Face & Credentials Masked,0.73,LOW
2026-08-22 14:23:24,Camera_Entrance_01,Person_32,Face & Credentials Masked,0.69,LOW
2026-08-22 14:23:24,Camera_Entrance_01,Person_28,Face & Credentials Masked,0.61,LOW
2026-08-22 14:23:24,Camera_Entrance_01,Person_21,Face & Credentials Masked,0.85,LOW
2026-08-22 14:23:24,Camera_Entrance_01,Person_17,Low Confidence Mask,0.49,MEDIUM
2026-08-22 14:23:24,Camera_Entrance_01,Person_16,Face & Credentials Masked,0.71,LOW
2026-08-22 14:23:24,Camera_Entrance_01,Person_29,Face & Credentials Masked,0.83,LOW
2026-08-22 14:23:24,Camera_Entrance_01,Person_30,Face & Credentials Masked,0.73,LOW
2026-08-22 14:23:24,Camera_Entrance_01,Person_32,Face & Credentials Masked,0.7,LOW
2026-08-22 14:23:24,Camera_Entrance_01,Person_28,Low Confidence Mask,0.59,MEDIUM
2026-08-22 14:23:24,Camera_Entrance_01,Person_21,Face & Credentials Masked,0.87,LOW
2026-08-22 14:23:24,Camera_Entrance_01,Person_17,Low Confidence Mask,0.44,MEDIUM
2026-08-22 14:23:24,Camera_Entrance_01,Person_16,Face & Credentials Masked,0.72,LOW
2026-08-22 14:23:24,Camera_Entrance_01,Person_29,Face & Credentials Masked,0.82,LOW
2026-08-22 14:23:24,Camera_Entrance_01,Person_30,Face & Credentials Masked,0.76,LOW
2026-08-22 14:23:24,Camera_Entrance_01,Person_32,Face & Credentials Masked,0.7,LOW
2026-08-22 14:23:24,Camera_Entrance_01,Person_28,Low Confidence Mask,0.57,MEDIUM
2026-08-22 14:23:24,Camera_Entrance_01,Person_21,Face & Credentials Masked,0.88,LOW
2026-08-22 14:23:24,Camera_Entrance_01,Person_17,Low Confidence Mask,0.5,MEDIUM
2026-08-22 14:23:24,Camera_Entrance_01,Person_16,Face & Credentials Masked,0.66,LOW
2026-08-22 14:23:24,Camera_Entrance_01,Person_29,Face & Credentials Masked,0.84,LOW
2026-08-22 14:23:24,Camera_Entrance_01,Person_30,Face & Credentials Masked,0.79,LOW
2026-08-22 14:23:24,Camera_Entrance_01,Person_32,Face & Credentials Masked,0.7,LOW
2026-08-22 14:23:24,Camera_Entrance_01,Person_28,Face & Credentials Masked,0.64,LOW
2026-08-22 14:23:25,Camera_Entrance_01,Person_21,Face & Credentials Masked,0.86,LOW
2026-08-22 14:23:25,Camera_Entrance_01,Person_17,Low Confidence Mask,0.47,MEDIUM
2026-08-22 14:23:25,Camera_Entrance_01,Person_16,Face & Credentials Masked,0.68,LOW
2026-08-22 14:23:25,Camera_Entrance_01,Person_29,Face & Credentials Masked,0.86,LOW
2026-08-22 14:23:25,Camera_Entrance_01,Person_30,Face & Credentials Masked,0.77,LOW
2026-08-22 14:23:25,Camera_Entrance_01,Person_32,Face & Credentials Masked,0.72,LOW
2026-08-22 14:23:25,Camera_Entrance_01,Person_28,Low Confidence Mask,0.55,MEDIUM
2026-08-22 14:23:25,Camera_Entrance_01,Person_21,Face & Credentials Masked,0.84,LOW
2026-08-22 14:23:25,Camera_Entrance_01,Person_17,Low Confidence Mask,0.37,MEDIUM
2026-08-22 14:23:25,Camera_Entrance_01,Person_16,Face & Credentials Masked,0.68,LOW
2026-08-22 14:23:25,Camera_Entrance_01,Person_29,Face & Credentials Masked,0.86,LOW
2026-08-22 14:23:25,Camera_Entrance_01,Person_30,Face & Credentials Masked,0.76,LOW
2026-08-22 14:23:25,Camera_Entrance_01,Person_32,Face & Credentials Masked,0.74,LOW
2026-08-22 14:23:25,Camera_Entrance_01,Person_28,Low Confidence Mask,0.52,MEDIUM
2026-08-22 14:23:25,Camera_Entrance_01,Person_8,Face & Credentials Masked,0.65,LOW
2026-08-22 14:23:25,Camera_Entrance_01,Person_21,Face & Credentials Masked,0.8,LOW
2026-08-22 14:23:25,Camera_Entrance_01,Person_16,Face & Credentials Masked,0.63,LOW
2026-08-22 14:23:25,Camera_Entrance_01,Person_29,Face & Credentials Masked,0.86,LOW
2026-08-22 14:23:25,Camera_Entrance_01,Person_30,Face & Credentials Masked,0.72,LOW
2026-08-22 14:23:25,Camera_Entrance_01,Person_32,Face & Credentials Masked,0.76,LOW
2026-08-22 14:23:25,Camera_Entrance_01,Person_28,Low Confidence Mask,0.41,MEDIUM
2026-08-22 14:23:25,Camera_Entrance_01,Person_8,Face & Credentials Masked,0.69,LOW
2026-08-22 14:23:25,Camera_Entrance_01,Person_21,Face & Credentials Masked,0.76,LOW
2026-08-22 14:23:25,Camera_Entrance_01,Person_16,Face & Credentials Masked,0.67,LOW
2026-08-22 14:23:25,Camera_Entrance_01,Person_29,Face & Credentials Masked,0.84,LOW
2026-08-22 14:23:25,Camera_Entrance_01,Person_30,Face & Credentials Masked,0.72,LOW
2026-08-22 14:23:25,Camera_Entrance_01,Person_32,Face & Credentials Masked,0.77,LOW
2026-08-22 14:23:25,Camera_Entrance_01,Person_28,Low Confidence Mask,0.33,MEDIUM
2026-08-22 14:23:25,Camera_Entrance_01,Person_8,Face & Credentials Masked,0.74,LOW
2026-08-22 14:23:25,Camera_Entrance_01,Person_21,Face & Credentials Masked,0.7,LOW
2026-08-22 14:23:25,Camera_Entrance_01,Person_16,Face & Credentials Masked,0.66,LOW
2026-08-22 14:23:25,Camera_Entrance_01,Person_29,Face & Credentials Masked,0.82,LOW
2026-08-22 14:23:25,Camera_Entrance_01,Person_30,Face & Credentials Masked,0.69,LOW
2026-08-22 14:23:25,Camera_Entrance_01,Person_32,Face & Credentials Masked,0.8,LOW
2026-08-22 14:23:25,Camera_Entrance_01,Person_28,Low Confidence Mask,0.27,MEDIUM
2026-08-22 14:23:25,Camera_Entrance_01,Person_8,Face & Credentials Masked,0.69,LOW
2026-08-22 14:23:25,Camera_Entrance_01,Person_21,Face & Credentials Masked,0.66,LOW
2026-08-22 14:23:25,Camera_Entrance_01,Person_16,Face & Credentials Masked,0.62,LOW
2026-08-22 14:23:25,Camera_Entrance_01,Person_29,Face & Credentials Masked,0.76,LOW
2026-08-22 14:23:25,Camera_Entrance_01,Person_30,Face & Credentials Masked,0.72,LOW
2026-08-22 14:23:25,Camera_Entrance_01,Person_32,Face & Credentials Masked,0.82,LOW
2026-08-22 14:23:25,Camera_Entrance_01,Person_8,Low Confidence Mask,0.58,MEDIUM
2026-08-22 14:23:26,Camera_Entrance_01,Person_21,Face & Credentials Masked,0.63,LOW
2026-08-22 14:23:26,Camera_Entrance_01,Person_16,Low Confidence Mask,0.5,MEDIUM
2026-08-22 14:23:26,Camera_Entrance_01,Person_29,Face & Credentials Masked,0.76,LOW
2026-08-22 14:23:26,Camera_Entrance_01,Person_30,Face & Credentials Masked,0.76,LOW
2026-08-22 14:23:26,Camera_Entrance_01,Person_32,Face & Credentials Masked,0.8,LOW
2026-08-22 14:23:26,Camera_Entrance_01,Person_8,Low Confidence Mask,0.45,MEDIUM
2026-08-22 14:23:26,Camera_Entrance_01,Person_21,Low Confidence Mask,0.59,MEDIUM
2026-08-22 14:23:26,Camera_Entrance_01,Person_16,Low Confidence Mask,0.56,MEDIUM
2026-08-22 14:23:26,Camera_Entrance_01,Person_29,Face & Credentials Masked,0.82,LOW
2026-08-22 14:23:26,Camera_Entrance_01,Person_30,Face & Credentials Masked,0.73,LOW
2026-08-22 14:23:26,Camera_Entrance_01,Person_32,Face & Credentials Masked,0.74,LOW
2026-08-22 14:23:26,Camera_Entrance_01,Person_8,Low Confidence Mask,0.52,MEDIUM
2026-08-22 14:23:26,Camera_Entrance_01,Person_21,Face & Credentials Masked,0.81,LOW
2026-08-22 14:23:26,Camera_Entrance_01,Person_16,Face & Credentials Masked,0.62,LOW
2026-08-22 14:23:26,Camera_Entrance_01,Person_29,Face & Credentials Masked,0.81,LOW
2026-08-22 14:23:26,Camera_Entrance_01,Person_30,Face & Credentials Masked,0.69,LOW
2026-08-22 14:23:26,Camera_Entrance_01,Person_32,Face & Credentials Masked,0.72,LOW
2026-08-22 14:23:26,Camera_Entrance_01,Person_8,Face & Credentials Masked,0.74,LOW
2026-08-22 14:23:26,Camera_Entrance_01,Person_21,Face & Credentials Masked,0.82,LOW
2026-08-22 14:23:26,Camera_Entrance_01,Person_16,Face & Credentials Masked,0.68,LOW
2026-08-22 14:23:26,Camera_Entrance_01,Person_29,Face & Credentials Masked,0.81,LOW
2026-08-22 14:23:26,Camera_Entrance_01,Person_30,Face & Credentials Masked,0.72,LOW
2026-08-22 14:23:26,Camera_Entrance_01,Person_32,Face & Credentials Masked,0.63,LOW
2026-08-22 14:23:26,Camera_Entrance_01,Person_8,Face & Credentials Masked,0.73,LOW
2026-08-22 14:23:26,Camera_Entrance_01,Person_21,Face & Credentials Masked,0.84,LOW
2026-08-22 14:23:26,Camera_Entrance_01,Person_16,Face & Credentials Masked,0.67,LOW
2026-08-22 14:23:26,Camera_Entrance_01,Person_29,Face & Credentials Masked,0.84,LOW
2026-08-22 14:23:26,Camera_Entrance_01,Person_30,Face & Credentials Masked,0.74,LOW
2026-08-22 14:23:26,Camera_Entrance_01,Person_32,Low Confidence Mask,0.57,MEDIUM
2026-08-22 14:23:26,Camera_Entrance_01,Person_8,Face & Credentials Masked,0.77,LOW
2026-08-22 14:23:26,Camera_Entrance_01,Person_21,Face & Credentials Masked,0.87,LOW
2026-08-22 14:23:26,Camera_Entrance_01,Person_16,Low Confidence Mask,0.59,MEDIUM
2026-08-22 14:23:26,Camera_Entrance_01,Person_29,Face & Credentials Masked,0.78,LOW
2026-08-22 14:23:26,Camera_Entrance_01,Person_30,Face & Credentials Masked,0.74,LOW
2026-08-22 14:23:26,Camera_Entrance_01,Person_32,Low Confidence Mask,0.35,MEDIUM
2026-08-22 14:23:26,Camera_Entrance_01,Person_8,Face & Credentials Masked,0.83,LOW
2026-08-22 14:23:26,Camera_Entrance_01,Person_21,Face & Credentials Masked,0.88,LOW
2026-08-22 14:23:26,Camera_Entrance_01,Person_16,Face & Credentials Masked,0.73,LOW
2026-08-22 14:23:26,Camera_Entrance_01,Person_29,Face & Credentials Masked,0.78,LOW
2026-08-22 14:23:26,Camera_Entrance_01,Person_30,Face & Credentials Masked,0.74,LOW
2026-08-22 14:23:26,Camera_Entrance_01,Person_8,Face & Credentials Masked,0.84,LOW
2026-08-22 14:23:27,Camera_Entrance_01,Person_21,Face & Credentials Masked,0.89,LOW
2026-08-22 14:23:27,Camera_Entrance_01,Person_16,Face & Credentials Masked,0.74,LOW
2026-08-22 14:23:27,Camera_Entrance_01,Person_29,Face & Credentials Masked,0.81,LOW
2026-08-22 14:23:27,Camera_Entrance_01,Person_30,Face & Credentials Masked,0.76,LOW
2026-08-22 14:23:27,Camera_Entrance_01,Person_8,Face & Credentials Masked,0.85,LOW
2026-08-22 14:23:27,Camera_Entrance_01,Person_21,Face & Credentials Masked,0.89,LOW
2026-08-22 14:23:27,Camera_Entrance_01,Person_16,Face & Credentials Masked,0.68,LOW
2026-08-22 14:23:27,Camera_Entrance_01,Person_29,Face & Credentials Masked,0.81,LOW
2026-08-22 14:23:27,Camera_Entrance_01,Person_30,Face & Credentials Masked,0.74,LOW
2026-08-22 14:23:27,Camera_Entrance_01,Person_8,Face & Credentials Masked,0.85,LOW
2026-08-22 14:23:27,Camera_Entrance_01,Person_21,Face & Credentials Masked,0.87,LOW
2026-08-22 14:23:27,Camera_Entrance_01,Person_16,Face & Credentials Masked,0.6,LOW
2026-08-22 14:23:27,Camera_Entrance_01,Person_29,Face & Credentials Masked,0.8,LOW
2026-08-22 14:23:27,Camera_Entrance_01,Person_30,Face & Credentials Masked,0.73,LOW
2026-08-22 14:23:27,Camera_Entrance_01,Person_8,Face & Credentials Masked,0.83,LOW
2026-08-22 14:23:27,Camera_Entrance_01,Person_21,Face & Credentials Masked,0.8,LOW
2026-08-22 14:23:27,Camera_Entrance_01,Person_16,Face & Credentials Masked,0.65,LOW
2026-08-22 14:23:27,Camera_Entrance_01,Person_29,Face & Credentials Masked,0.8,LOW
2026-08-22 14:23:27,Camera_Entrance_01,Person_30,Face & Credentials Masked,0.71,LOW
2026-08-22 14:23:27,Camera_Entrance_01,Person_8,Face & Credentials Masked,0.86,LOW
2026-08-22 14:23:27,Camera_Entrance_01,Person_21,Face & Credentials Masked,0.81,LOW
2026-08-22 14:23:27,Camera_Entrance_01,Person_16,Face & Credentials Masked,0.68,LOW
2026-08-22 14:23:27,Camera_Entrance_01,Person_29,Face & Credentials Masked,0.82,LOW
2026-08-22 14:23:27,Camera_Entrance_01,Person_30,Face & Credentials Masked,0.71,LOW
2026-08-22 14:23:27,Camera_Entrance_01,Person_8,Face & Credentials Masked,0.7,LOW
2026-08-22 14:23:27,Camera_Entrance_01,Person_21,Face & Credentials Masked,0.81,LOW
2026-08-22 14:23:27,Camera_Entrance_01,Person_16,Face & Credentials Masked,0.61,LOW
2026-08-22 14:23:27,Camera_Entrance_01,Person_29,Face & Credentials Masked,0.81,LOW
2026-08-22 14:23:27,Camera_Entrance_01,Person_30,Face & Credentials Masked,0.71,LOW
2026-08-22 14:23:27,Camera_Entrance_01,Person_8,Face & Credentials Masked,0.71,LOW
2026-08-22 14:23:28,Camera_Entrance_01,Person_21,Face & Credentials Masked,0.8,LOW
2026-08-22 14:23:28,Camera_Entrance_01,Person_16,Face & Credentials Masked,0.6,LOW
2026-08-22 14:23:28,Camera_Entrance_01,Person_29,Face & Credentials Masked,0.79,LOW
2026-08-22 14:23:28,Camera_Entrance_01,Person_30,Face & Credentials Masked,0.68,LOW
2026-08-22 14:23:28,Camera_Entrance_01,Person_8,Face & Credentials Masked,0.62,LOW
2026-08-22 14:23:28,Camera_Entrance_01,Person_21,Face & Credentials Masked,0.82,LOW
2026-08-22 14:23:28,Camera_Entrance_01,Person_16,Low Confidence Mask,0.48,MEDIUM
2026-08-22 14:23:28,Camera_Entrance_01,Person_29,Face & Credentials Masked,0.8,LOW
2026-08-22 14:23:28,Camera_Entrance_01,Person_30,Face & Credentials Masked,0.69,LOW
2026-08-22 14:23:28,Camera_Entrance_01,Person_8,Face & Credentials Masked,0.63,LOW
2026-08-22 14:23:28,Camera_Entrance_01,Person_21,Face & Credentials Masked,0.83,LOW
2026-08-22 14:23:28,Camera_Entrance_01,Person_16,Low Confidence Mask,0.36,MEDIUM
2026-08-22 14:23:28,Camera_Entrance_01,Person_29,Face & Credentials Masked,0.79,LOW
2026-08-22 14:23:28,Camera_Entrance_01,Person_30,Face & Credentials Masked,0.7,LOW
2026-08-22 14:23:28,Camera_Entrance_01,Person_8,Face & Credentials Masked,0.65,LOW
2026-08-22 14:23:28,Camera_Entrance_01,Person_21,Face & Credentials Masked,0.79,LOW
2026-08-22 14:23:28,Camera_Entrance_01,Person_16,Low Confidence Mask,0.25,MEDIUM
2026-08-22 14:23:28,Camera_Entrance_01,Person_29,Face & Credentials Masked,0.77,LOW
2026-08-22 14:23:28,Camera_Entrance_01,Person_30,Face & Credentials Masked,0.67,LOW
2026-08-22 14:23:28,Camera_Entrance_01,Person_8,Face & Credentials Masked,0.72,LOW
2026-08-22 14:23:28,Camera_Entrance_01,Person_21,Face & Credentials Masked,0.76,LOW
2026-08-22 14:23:28,Camera_Entrance_01,Person_29,Face & Credentials Masked,0.77,LOW
2026-08-22 14:23:28,Camera_Entrance_01,Person_30,Face & Credentials Masked,0.65,LOW
2026-08-22 14:23:28,Camera_Entrance_01,Person_8,Face & Credentials Masked,0.74,LOW
2026-08-22 14:23:28,Camera_Entrance_01,Person_21,Face & Credentials Masked,0.79,LOW
2026-08-22 14:23:28,Camera_Entrance_01,Person_29,Face & Credentials Masked,0.76,LOW
2026-08-22 14:23:28,Camera_Entrance_01,Person_30,Face & Credentials Masked,0.67,LOW
2026-08-22 14:23:28,Camera_Entrance_01,Person_8,Face & Credentials Masked,0.77,LOW
2026-08-22 14:23:29,Camera_Entrance_01,Person_21,Face & Credentials Masked,0.78,LOW
2026-08-22 14:23:29,Camera_Entrance_01,Person_29,Face & Credentials Masked,0.76,LOW
2026-08-22 14:23:29,Camera_Entrance_01,Person_30,Face & Credentials Masked,0.69,LOW
2026-08-22 14:23:29,Camera_Entrance_01,Person_8,Face & Credentials Masked,0.82,LOW
2026-08-22 14:23:29,Camera_Entrance_01,Person_21,Face & Credentials Masked,0.83,LOW
2026-08-22 14:23:29,Camera_Entrance_01,Person_29,Face & Credentials Masked,0.76,LOW
2026-08-22 14:23:29,Camera_Entrance_01,Person_30,Face & Credentials Masked,0.75,LOW
2026-08-22 14:23:29,Camera_Entrance_01,Person_8,Face & Credentials Masked,0.84,LOW
2026-08-22 14:23:29,Camera_Entrance_01,Person_21,Face & Credentials Masked,0.82,LOW
2026-08-22 14:23:29,Camera_Entrance_01,Person_29,Face & Credentials Masked,0.81,LOW
2026-08-22 14:23:29,Camera_Entrance_01,Person_30,Face & Credentials Masked,0.73,LOW
2026-08-22 14:23:29,Camera_Entrance_01,Person_8,Face & Credentials Masked,0.83,LOW
2026-08-22 14:23:29,Camera_Entrance_01,Person_21,Face & Credentials Masked,0.84,LOW
2026-08-22 14:23:29,Camera_Entrance_01,Person_29,Face & Credentials Masked,0.83,LOW
2026-08-22 14:23:29,Camera_Entrance_01,Person_30,Face & Credentials Masked,0.71,LOW
2026-08-22 14:23:29,Camera_Entrance_01,Person_8,Face & Credentials Masked,0.87,LOW
2026-08-22 14:23:29,Camera_Entrance_01,Person_21,Face & Credentials Masked,0.87,LOW
2026-08-22 14:23:29,Camera_Entrance_01,Person_29,Face & Credentials Masked,0.84,LOW
2026-08-22 14:23:29,Camera_Entrance_01,Person_30,Face & Credentials Masked,0.71,LOW
2026-08-22 14:23:29,Camera_Entrance_01,Person_8,Face & Credentials Masked,0.87,LOW
2026-08-22 14:23:29,Camera_Entrance_01,Person_21,Face & Credentials Masked,0.85,LOW
2026-08-22 14:23:29,Camera_Entrance_01,Person_29,Face & Credentials Masked,0.84,LOW
2026-08-22 14:23:29,Camera_Entrance_01,Person_30,Face & Credentials Masked,0.74,LOW
2026-08-22 14:23:29,Camera_Entrance_01,Person_8,Face & Credentials Masked,0.88,LOW
2026-08-22 14:23:29,Camera_Entrance_01,Person_34,Face & Credentials Masked,0.77,LOW
2026-08-22 14:23:29,Camera_Entrance_01,Person_21,Face & Credentials Masked,0.83,LOW
2026-08-22 14:23:29,Camera_Entrance_01,Person_29,Face & Credentials Masked,0.83,LOW
2026-08-22 14:23:29,Camera_Entrance_01,Person_30,Face & Credentials Masked,0.78,LOW
2026-08-22 14:23:29,Camera_Entrance_01,Person_8,Face & Credentials Masked,0.86,LOW
2026-08-22 14:23:29,Camera_Entrance_01,Person_34,Face & Credentials Masked,0.81,LOW
2026-08-22 14:23:29,Camera_Entrance_01,Person_35,Face & Credentials Masked,0.71,LOW
2026-08-22 14:23:30,Camera_Entrance_01,Person_21,Face & Credentials Masked,0.81,LOW
2026-08-22 14:23:30,Camera_Entrance_01,Person_29,Face & Credentials Masked,0.84,LOW
2026-08-22 14:23:30,Camera_Entrance_01,Person_30,Face & Credentials Masked,0.77,LOW
2026-08-22 14:23:30,Camera_Entrance_01,Person_8,Face & Credentials Masked,0.83,LOW
2026-08-22 14:23:30,Camera_Entrance_01,Person_34,Face & Credentials Masked,0.8,LOW
2026-08-22 14:23:30,Camera_Entrance_01,Person_35,Low Confidence Mask,0.58,MEDIUM
2026-08-22 14:23:30,Camera_Entrance_01,Person_21,Face & Credentials Masked,0.8,LOW
2026-08-22 14:23:30,Camera_Entrance_01,Person_29,Face & Credentials Masked,0.84,LOW
2026-08-22 14:23:30,Camera_Entrance_01,Person_30,Face & Credentials Masked,0.79,LOW
2026-08-22 14:23:30,Camera_Entrance_01,Person_8,Face & Credentials Masked,0.76,LOW
2026-08-22 14:23:30,Camera_Entrance_01,Person_34,Face & Credentials Masked,0.8,LOW
2026-08-22 14:23:30,Camera_Entrance_01,Person_35,Low Confidence Mask,0.49,MEDIUM
2026-08-22 14:23:30,Camera_Entrance_01,Person_21,Face & Credentials Masked,0.83,LOW
2026-08-22 14:23:30,Camera_Entrance_01,Person_29,Face & Credentials Masked,0.84,LOW
2026-08-22 14:23:30,Camera_Entrance_01,Person_30,Face & Credentials Masked,0.79,LOW
2026-08-22 14:23:30,Camera_Entrance_01,Person_8,Face & Credentials Masked,0.74,LOW
2026-08-22 14:23:30,Camera_Entrance_01,Person_34,Face & Credentials Masked,0.83,LOW
2026-08-22 14:23:30,Camera_Entrance_01,Person_35,Low Confidence Mask,0.54,MEDIUM
2026-08-22 14:23:30,Camera_Entrance_01,Person_21,Face & Credentials Masked,0.82,LOW
2026-08-22 14:23:30,Camera_Entrance_01,Person_29,Face & Credentials Masked,0.82,LOW
2026-08-22 14:23:30,Camera_Entrance_01,Person_30,Face & Credentials Masked,0.79,LOW
2026-08-22 14:23:30,Camera_Entrance_01,Person_8,Low Confidence Mask,0.58,MEDIUM
2026-08-22 14:23:30,Camera_Entrance_01,Person_34,Face & Credentials Masked,0.84,LOW
2026-08-22 14:23:30,Camera_Entrance_01,Person_35,Low Confidence Mask,0.54,MEDIUM
2026-08-22 14:23:30,Camera_Entrance_01,Person_21,Face & Credentials Masked,0.82,LOW
2026-08-22 14:23:30,Camera_Entrance_01,Person_29,Face & Credentials Masked,0.81,LOW
2026-08-22 14:23:30,Camera_Entrance_01,Person_30,Face & Credentials Masked,0.79,LOW
2026-08-22 14:23:30,Camera_Entrance_01,Person_8,Face & Credentials Masked,0.63,LOW
2026-08-22 14:23:30,Camera_Entrance_01,Person_34,Face & Credentials Masked,0.83,LOW
2026-08-22 14:23:30,Camera_Entrance_01,Person_35,Low Confidence Mask,0.52,MEDIUM
2026-08-22 14:23:30,Camera_Entrance_01,Person_21,Face & Credentials Masked,0.84,LOW
2026-08-22 14:23:30,Camera_Entrance_01,Person_29,Face & Credentials Masked,0.77,LOW
2026-08-22 14:23:30,Camera_Entrance_01,Person_30,Face & Credentials Masked,0.78,LOW
2026-08-22 14:23:30,Camera_Entrance_01,Person_8,Face & Credentials Masked,0.71,LOW
2026-08-22 14:23:30,Camera_Entrance_01,Person_34,Face & Credentials Masked,0.79,LOW
2026-08-22 14:23:30,Camera_Entrance_01,Person_35,Low Confidence Mask,0.59,MEDIUM
2026-08-22 14:23:31,Camera_Entrance_01,Person_21,Face & Credentials Masked,0.88,LOW
2026-08-22 14:23:31,Camera_Entrance_01,Person_29,Face & Credentials Masked,0.72,LOW
2026-08-22 14:23:31,Camera_Entrance_01,Person_30,Face & Credentials Masked,0.74,LOW
2026-08-22 14:23:31,Camera_Entrance_01,Person_8,Face & Credentials Masked,0.76,LOW
2026-08-22 14:23:31,Camera_Entrance_01,Person_34,Face & Credentials Masked,0.77,LOW
2026-08-22 14:23:31,Camera_Entrance_01,Person_35,Low Confidence Mask,0.51,MEDIUM
2026-08-22 14:23:31,Camera_Entrance_01,Person_21,Face & Credentials Masked,0.85,LOW
2026-08-22 14:23:31,Camera_Entrance_01,Person_29,Face & Credentials Masked,0.7,LOW
2026-08-22 14:23:31,Camera_Entrance_01,Person_30,Face & Credentials Masked,0.72,LOW
2026-08-22 14:23:31,Camera_Entrance_01,Person_8,Face & Credentials Masked,0.79,LOW
2026-08-22 14:23:31,Camera_Entrance_01,Person_34,Face & Credentials Masked,0.75,LOW
2026-08-22 14:23:31,Camera_Entrance_01,Person_35,Low Confidence Mask,0.59,MEDIUM
2026-08-22 14:23:31,Camera_Entrance_01,Person_21,Face & Credentials Masked,0.83,LOW
2026-08-22 14:23:31,Camera_Entrance_01,Person_29,Face & Credentials Masked,0.66,LOW
2026-08-22 14:23:31,Camera_Entrance_01,Person_30,Face & Credentials Masked,0.75,LOW
2026-08-22 14:23:31,Camera_Entrance_01,Person_8,Face & Credentials Masked,0.79,LOW
2026-08-22 14:23:31,Camera_Entrance_01,Person_34,Face & Credentials Masked,0.74,LOW
2026-08-22 14:23:31,Camera_Entrance_01,Person_35,Low Confidence Mask,0.58,MEDIUM
2026-08-22 14:23:31,Camera_Entrance_01,Person_21,Face & Credentials Masked,0.85,LOW
2026-08-22 14:23:31,Camera_Entrance_01,Person_29,Low Confidence Mask,0.59,MEDIUM
2026-08-22 14:23:31,Camera_Entrance_01,Person_30,Face & Credentials Masked,0.77,LOW
2026-08-22 14:23:31,Camera_Entrance_01,Person_8,Face & Credentials Masked,0.8,LOW
2026-08-22 14:23:31,Camera_Entrance_01,Person_34,Face & Credentials Masked,0.77,LOW
2026-08-22 14:23:31,Camera_Entrance_01,Person_35,Low Confidence Mask,0.48,MEDIUM
2026-08-22 14:23:31,Camera_Entrance_01,Person_32,Face & Credentials Masked,0.63,LOW
2026-08-22 14:23:31,Camera_Entrance_01,Person_21,Face & Credentials Masked,0.87,LOW
2026-08-22 14:23:31,Camera_Entrance_01,Person_30,Face & Credentials Masked,0.8,LOW
2026-08-22 14:23:31,Camera_Entrance_01,Person_8,Face & Credentials Masked,0.8,LOW
2026-08-22 14:23:31,Camera_Entrance_01,Person_34,Face & Credentials Masked,0.76,LOW
2026-08-22 14:23:31,Camera_Entrance_01,Person_35,Low Confidence Mask,0.45,MEDIUM
2026-08-22 14:23:31,Camera_Entrance_01,Person_32,Low Confidence Mask,0.58,MEDIUM
2026-08-22 14:23:32,Camera_Entrance_01,Person_21,Face & Credentials Masked,0.86,LOW
2026-08-22 14:23:32,Camera_Entrance_01,Person_30,Face & Credentials Masked,0.81,LOW
2026-08-22 14:23:32,Camera_Entrance_01,Person_8,Face & Credentials Masked,0.83,LOW
2026-08-22 14:23:32,Camera_Entrance_01,Person_34,Face & Credentials Masked,0.8,LOW
2026-08-22 14:23:32,Camera_Entrance_01,Person_35,Face & Credentials Masked,0.63,LOW
2026-08-22 14:23:32,Camera_Entrance_01,Person_32,Low Confidence Mask,0.58,MEDIUM
2026-08-22 14:23:32,Camera_Entrance_01,Person_21,Face & Credentials Masked,0.86,LOW
2026-08-22 14:23:32,Camera_Entrance_01,Person_30,Face & Credentials Masked,0.8,LOW
2026-08-22 14:23:32,Camera_Entrance_01,Person_8,Face & Credentials Masked,0.84,LOW
2026-08-22 14:23:32,Camera_Entrance_01,Person_34,Face & Credentials Masked,0.81,LOW
2026-08-22 14:23:32,Camera_Entrance_01,Person_35,Low Confidence Mask,0.42,MEDIUM
2026-08-22 14:23:32,Camera_Entrance_01,Person_32,Face & Credentials Masked,0.63,LOW
2026-08-22 14:23:32,Camera_Entrance_01,Person_21,Face & Credentials Masked,0.87,LOW
2026-08-22 14:23:32,Camera_Entrance_01,Person_30,Face & Credentials Masked,0.79,LOW
2026-08-22 14:23:32,Camera_Entrance_01,Person_8,Face & Credentials Masked,0.82,LOW
2026-08-22 14:23:32,Camera_Entrance_01,Person_34,Face & Credentials Masked,0.81,LOW
2026-08-22 14:23:32,Camera_Entrance_01,Person_35,Low Confidence Mask,0.56,MEDIUM
2026-08-22 14:23:32,Camera_Entrance_01,Person_32,Low Confidence Mask,0.52,MEDIUM
2026-08-22 14:23:32,Camera_Entrance_01,Person_21,Face & Credentials Masked,0.88,LOW
2026-08-22 14:23:32,Camera_Entrance_01,Person_30,Face & Credentials Masked,0.77,LOW
2026-08-22 14:23:32,Camera_Entrance_01,Person_8,Face & Credentials Masked,0.78,LOW
2026-08-22 14:23:32,Camera_Entrance_01,Person_34,Face & Credentials Masked,0.77,LOW
2026-08-22 14:23:32,Camera_Entrance_01,Person_35,Face & Credentials Masked,0.66,LOW
2026-08-22 14:23:32,Camera_Entrance_01,Person_32,Face & Credentials Masked,0.6,LOW
2026-08-22 14:23:32,Camera_Entrance_01,Person_21,Face & Credentials Masked,0.88,LOW
2026-08-22 14:23:32,Camera_Entrance_01,Person_30,Face & Credentials Masked,0.77,LOW
2026-08-22 14:23:32,Camera_Entrance_01,Person_8,Face & Credentials Masked,0.79,LOW
2026-08-22 14:23:32,Camera_Entrance_01,Person_34,Face & Credentials Masked,0.75,LOW
2026-08-22 14:23:32,Camera_Entrance_01,Person_35,Face & Credentials Masked,0.63,LOW
2026-08-22 14:23:32,Camera_Entrance_01,Person_32,Low Confidence Mask,0.59,MEDIUM
2026-08-22 14:23:32,Camera_Entrance_01,Person_21,Face & Credentials Masked,0.87,LOW
2026-08-22 14:23:32,Camera_Entrance_01,Person_30,Face & Credentials Masked,0.76,LOW
2026-08-22 14:23:32,Camera_Entrance_01,Person_8,Face & Credentials Masked,0.61,LOW
2026-08-22 14:23:32,Camera_Entrance_01,Person_34,Face & Credentials Masked,0.75,LOW
2026-08-22 14:23:32,Camera_Entrance_01,Person_35,Face & Credentials Masked,0.61,LOW
2026-08-22 14:23:32,Camera_Entrance_01,Person_32,Face & Credentials Masked,0.63,LOW
2026-08-22 14:23:32,Camera_Entrance_01,Person_21,Face & Credentials Masked,0.83,LOW
2026-08-22 14:23:32,Camera_Entrance_01,Person_30,Face & Credentials Masked,0.72,LOW
2026-08-22 14:23:32,Camera_Entrance_01,Person_8,Face & Credentials Masked,0.62,LOW
2026-08-22 14:23:32,Camera_Entrance_01,Person_34,Face & Credentials Masked,0.77,LOW
2026-08-22 14:23:32,Camera_Entrance_01,Person_35,Low Confidence Mask,0.51,MEDIUM
2026-08-22 14:23:32,Camera_Entrance_01,Person_32,Low Confidence Mask,0.57,MEDIUM
2026-08-22 14:23:33,Camera_Entrance_01,Person_21,Face & Credentials Masked,0.87,LOW
2026-08-22 14:23:33,Camera_Entrance_01,Person_30,Face & Credentials Masked,0.7,LOW
2026-08-22 14:23:33,Camera_Entrance_01,Person_8,Face & Credentials Masked,0.71,LOW
2026-08-22 14:23:33,Camera_Entrance_01,Person_34,Face & Credentials Masked,0.8,LOW
2026-08-22 14:23:33,Camera_Entrance_01,Person_35,Low Confidence Mask,0.53,MEDIUM
2026-08-22 14:23:33,Camera_Entrance_01,Person_32,Low Confidence Mask,0.47,MEDIUM
2026-08-22 14:23:33,Camera_Entrance_01,Person_21,Face & Credentials Masked,0.86,LOW
2026-08-22 14:23:33,Camera_Entrance_01,Person_30,Face & Credentials Masked,0.7,LOW
2026-08-22 14:23:33,Camera_Entrance_01,Person_8,Face & Credentials Masked,0.78,LOW
2026-08-22 14:23:33,Camera_Entrance_01,Person_34,Face & Credentials Masked,0.79,LOW
2026-08-22 14:23:33,Camera_Entrance_01,Person_35,Low Confidence Mask,0.51,MEDIUM
2026-08-22 14:23:33,Camera_Entrance_01,Person_32,Low Confidence Mask,0.46,MEDIUM
2026-08-22 14:23:33,Camera_Entrance_01,Person_29,Face & Credentials Masked,0.69,LOW
2026-08-22 14:23:33,Camera_Entrance_01,Person_21,Face & Credentials Masked,0.86,LOW
2026-08-22 14:23:33,Camera_Entrance_01,Person_30,Face & Credentials Masked,0.69,LOW
2026-08-22 14:23:33,Camera_Entrance_01,Person_8,Face & Credentials Masked,0.77,LOW
2026-08-22 14:23:33,Camera_Entrance_01,Person_34,Face & Credentials Masked,0.75,LOW
2026-08-22 14:23:33,Camera_Entrance_01,Person_35,Low Confidence Mask,0.48,MEDIUM
2026-08-22 14:23:33,Camera_Entrance_01,Person_32,Low Confidence Mask,0.54,MEDIUM
2026-08-22 14:23:33,Camera_Entrance_01,Person_29,Face & Credentials Masked,0.71,LOW
2026-08-22 14:23:33,Camera_Entrance_01,Person_21,Face & Credentials Masked,0.85,LOW
2026-08-22 14:23:33,Camera_Entrance_01,Person_30,Face & Credentials Masked,0.64,LOW
2026-08-22 14:23:33,Camera_Entrance_01,Person_8,Face & Credentials Masked,0.79,LOW
2026-08-22 14:23:33,Camera_Entrance_01,Person_34,Face & Credentials Masked,0.81,LOW
2026-08-22 14:23:33,Camera_Entrance_01,Person_35,Low Confidence Mask,0.55,MEDIUM
2026-08-22 14:23:33,Camera_Entrance_01,Person_32,Low Confidence Mask,0.46,MEDIUM
2026-08-22 14:23:33,Camera_Entrance_01,Person_29,Low Confidence Mask,0.54,MEDIUM
